"source","title","company","location","job_url","rejection_stage","reason_code","reason_detail"
"LinkedIn","Junior GenAI Engineer","Neotalent Conclusion","Lisbon Metropolitan Area","https://pt.linkedin.com/jobs/view/junior-genai-engineer-at-neotalent-conclusion-4474750807","deduplication","duplicate","2 ocorrências do mesmo anúncio foram consolidadas; foi mantida a versão de LinkedIn."
"LinkedIn","Young Graduate Trainee (AI Junior Developer)","Neotalent Conclusion","Porto, Portugal","https://pt.linkedin.com/jobs/view/young-graduate-trainee-ai-junior-developer-at-neotalent-conclusion-4474753821","deduplication","duplicate","14 ocorrências do mesmo anúncio foram consolidadas; foi mantida a versão de LinkedIn."
"LinkedIn","AI Engineer","Xpand IT","Lisbon, Portugal","https://pt.linkedin.com/jobs/view/ai-engineer-at-xpand-it-4474799289","deduplication","duplicate","8 ocorrências do mesmo anúncio foram consolidadas; foi mantida a versão de LinkedIn."
"LinkedIn","GenAI Engineer","act digital","Lisbon, Lisbon, Portugal","https://pt.linkedin.com/jobs/view/genai-engineer-at-act-digital-4473348793","deduplication","duplicate","4 ocorrências do mesmo anúncio foram consolidadas; foi mantida a versão de LinkedIn."
"LinkedIn","AI Engineer","Nutrium","Braga, Braga, Portugal","https://pt.linkedin.com/jobs/view/ai-engineer-at-nutrium-4472335747","deduplication","duplicate","3 ocorrências do mesmo anúncio foram consolidadas; foi mantida a versão de LinkedIn."
"LinkedIn","Junior AI Engineer (m/f/d)","Hays","Lisbon Metropolitan Area","https://pt.linkedin.com/jobs/view/junior-ai-engineer-m-f-d-at-hays-4463347014","deduplication","duplicate","2 ocorrências do mesmo anúncio foram consolidadas; foi mantida a versão de LinkedIn."
"LinkedIn","AI Engineer | French Speaker","Affinity","Lisbon, Lisbon, Portugal","https://pt.linkedin.com/jobs/view/ai-engineer-french-speaker-at-affinity-4473777711","deduplication","duplicate","2 ocorrências do mesmo anúncio foram consolidadas; foi mantida a versão de LinkedIn."
"LinkedIn","Data Scientist","Airbus","Lisbon, Lisbon, Portugal","https://pt.linkedin.com/jobs/view/data-scientist-at-airbus-4473419478","deduplication","duplicate","3 ocorrências do mesmo anúncio foram consolidadas; foi mantida a versão de LinkedIn."
"LinkedIn","Especialista IA/ML - Cliente Final (M/F/D)","Talenter","Lisbon, Portugal","https://pt.linkedin.com/jobs/view/especialista-ia-ml-cliente-final-m-f-d-at-talenter-4472750849","deduplication","duplicate","3 ocorrências do mesmo anúncio foram consolidadas; foi mantida a versão de LinkedIn."
"LinkedIn","Programador/a Full Stack — Software, IA e Automação","InovaDigital","Aveiro, Aveiro, Portugal","https://pt.linkedin.com/jobs/view/programador-a-full-stack-%E2%80%94-software-ia-e-automa%C3%A7%C3%A3o-at-inovadigital-4474591020","deduplication","duplicate","9 ocorrências do mesmo anúncio foram consolidadas; foi mantida a versão de LinkedIn."
"LinkedIn","GPS/GNSS Machine Learning Engineer","NeuraLoc","Portugal","https://pt.linkedin.com/jobs/view/gps-gnss-machine-learning-engineer-at-neuraloc-4475391574","deduplication","duplicate","2 ocorrências do mesmo anúncio foram consolidadas; foi mantida a versão de LinkedIn."
"LinkedIn","Middle AI Engineer","Aubay Portugal","Lisbon, Portugal","https://pt.linkedin.com/jobs/view/middle-ai-engineer-at-aubay-portugal-4474369271","deduplication","duplicate","2 ocorrências do mesmo anúncio foram consolidadas; foi mantida a versão de LinkedIn."
"LinkedIn","AI Engineer","InnoTech","Portugal","https://pt.linkedin.com/jobs/view/ai-engineer-at-innotech-4473001804","deduplication","duplicate","3 ocorrências do mesmo anúncio foram consolidadas; foi mantida a versão de LinkedIn."
"LinkedIn","Mid Machine Learning Engineer","Accenture Portugal","Lisbon, Lisbon, Portugal","https://pt.linkedin.com/jobs/view/mid-machine-learning-engineer-at-accenture-portugal-4472323419","semantic_filter","excluded_seniority","O título contém um nível claramente sénior: 'Mid'. 2 ocorrências consolidadas de 1 fonte(s): LinkedIn."
"LinkedIn","Distributed Cloud | AI/ML Engineer","Devoteam","Lisbon, Lisbon, Portugal","https://pt.linkedin.com/jobs/view/distributed-cloud-ai-ml-engineer-at-devoteam-4389567757","deduplication","duplicate","2 ocorrências do mesmo anúncio foram consolidadas; foi mantida a versão de LinkedIn."
"LinkedIn","AI Developer Intern","AUGMTD","Lisbon, Portugal","https://pt.linkedin.com/jobs/view/ai-developer-intern-at-augmtd-4474324879","deduplication","duplicate","17 ocorrências do mesmo anúncio foram consolidadas; foi mantida a versão de LinkedIn."
"LinkedIn","Data Science Co-Op (NLP & GenAI)","Bose Corporation","Lisbon, Portugal","https://pt.linkedin.com/jobs/view/data-science-co-op-nlp-genai-at-bose-corporation-4475044187","deduplication","duplicate","12 ocorrências do mesmo anúncio foram consolidadas; foi mantida a versão de LinkedIn."
"LinkedIn","Young Graduate Trainee (AI Junior Developer)","Neotalent Conclusion","Lisbon, Portugal","https://pt.linkedin.com/jobs/view/young-graduate-trainee-ai-junior-developer-at-neotalent-conclusion-4474757706","deduplication","duplicate","11 ocorrências do mesmo anúncio foram consolidadas; foi mantida a versão de LinkedIn."
"LinkedIn","Extracurricular Internship: Process Digitalization and Automation (f/m/div.)","Bosch Home Comfort Portugal","Aveiro, Aveiro, Portugal","https://pt.linkedin.com/jobs/view/extracurricular-internship-process-digitalization-and-automation-f-m-div-at-bosch-home-comfort-portugal-4472120070","semantic_filter","unsupported_domain","O título e as tags não identificam um domínio técnico suportado. 18 ocorrências consolidadas de 1 fonte(s): LinkedIn."
"LinkedIn","Junior Software Engineering (Intern/Part time)","Rede Rua","Lisbon, Portugal","https://pt.linkedin.com/jobs/view/junior-software-engineering-intern-part-time-at-rede-rua-4474721778","deduplication","duplicate","14 ocorrências do mesmo anúncio foram consolidadas; foi mantida a versão de LinkedIn."
"LinkedIn","Software Engineering Curricular Internship","Fujitsu","Greater Braga Area","https://pt.linkedin.com/jobs/view/software-engineering-curricular-internship-at-fujitsu-4467699843","deduplication","duplicate","14 ocorrências do mesmo anúncio foram consolidadas; foi mantida a versão de LinkedIn."
"LinkedIn","Software Engineering Curricular Internship","Fujitsu","Lisboa, Lisbon, Portugal","https://pt.linkedin.com/jobs/view/software-engineering-curricular-internship-at-fujitsu-4468100792","deduplication","duplicate","15 ocorrências do mesmo anúncio foram consolidadas; foi mantida a versão de LinkedIn."
"LinkedIn","Estagiário(a) Automação & IA (Low-Code / No-Code)","Stellantis &You Portugal","Lisbon, Portugal","https://pt.linkedin.com/jobs/view/estagi%C3%A1rio-a-automa%C3%A7%C3%A3o-ia-low-code-no-code-at-stellantis-you-portugal-4470860735","deduplication","duplicate","12 ocorrências do mesmo anúncio foram consolidadas; foi mantida a versão de LinkedIn."
"LinkedIn","Research Grant","INESC TEC","Porto, Portugal","https://pt.linkedin.com/jobs/view/research-grant-at-inesc-tec-4473729915","semantic_filter","unsupported_domain","O título e as tags não identificam um domínio técnico suportado. 3 ocorrências consolidadas de 1 fonte(s): LinkedIn."
"LinkedIn","Research Grant","INESC TEC","Porto, Portugal","https://pt.linkedin.com/jobs/view/research-grant-at-inesc-tec-4473762572","semantic_filter","unsupported_domain","O título e as tags não identificam um domínio técnico suportado. 4 ocorrências consolidadas de 1 fonte(s): LinkedIn."
"LinkedIn","Data Engineer | Data Scientist — Unstructured Data & AI Pipelines","Neurons Lab","Lisbon, Lisbon, Portugal","https://pt.linkedin.com/jobs/view/data-engineer-data-scientist-%E2%80%94-unstructured-data-ai-pipelines-at-neurons-lab-4474770243","deduplication","duplicate","4 ocorrências do mesmo anúncio foram consolidadas; foi mantida a versão de LinkedIn."
"LinkedIn","Estágios Profissionais Tecnologia","Santander","Lisboa, Lisbon, Portugal","https://pt.linkedin.com/jobs/view/est%C3%A1gios-profissionais-tecnologia-at-santander-4464927588","semantic_filter","unsupported_domain","O título e as tags não identificam um domínio técnico suportado. 16 ocorrências consolidadas de 1 fonte(s): LinkedIn."
"LinkedIn","Summer Business Analyst Intern - Tech & AI","McKinsey & Company","Lisbon, Lisbon, Portugal","https://pt.linkedin.com/jobs/view/summer-business-analyst-intern-tech-ai-at-mckinsey-company-4437433043","semantic_filter","excluded_non_technical","O título identifica uma função não técnica: 'Business Analyst'. 10 ocorrências consolidadas de 1 fonte(s): LinkedIn."
"LinkedIn","Risk Quantitative Analyst Trainee","BNP Paribas","Lisbon, Lisbon, Portugal","https://pt.linkedin.com/jobs/view/risk-quantitative-analyst-trainee-at-bnp-paribas-4472182084","semantic_filter","unsupported_domain","O título e as tags não identificam um domínio técnico suportado. 8 ocorrências consolidadas de 1 fonte(s): LinkedIn."
"LinkedIn","Data Quality Trainee","BNP Paribas","Lisbon, Lisbon, Portugal","https://pt.linkedin.com/jobs/view/data-quality-trainee-at-bnp-paribas-4474364060","semantic_filter","unsupported_domain","O título e as tags não identificam um domínio técnico suportado. 9 ocorrências consolidadas de 1 fonte(s): LinkedIn."
"LinkedIn","Performance Test Engineer Trainee","Nokia","Amadora, Lisbon, Portugal","https://pt.linkedin.com/jobs/view/performance-test-engineer-trainee-at-nokia-4472170097","deduplication","duplicate","13 ocorrências do mesmo anúncio foram consolidadas; foi mantida a versão de LinkedIn."
"LinkedIn","Performance Test Engineer Trainee","Nokia","Aveiro, Aveiro, Portugal","https://pt.linkedin.com/jobs/view/performance-test-engineer-trainee-at-nokia-4472161481","deduplication","duplicate","13 ocorrências do mesmo anúncio foram consolidadas; foi mantida a versão de LinkedIn."
"LinkedIn","Research Grant","INESC TEC","Porto, Portugal","https://pt.linkedin.com/jobs/view/research-grant-at-inesc-tec-4473747191","semantic_filter","unsupported_domain","O título e as tags não identificam um domínio técnico suportado. 4 ocorrências consolidadas de 1 fonte(s): LinkedIn."
"LinkedIn","ETS Derivatives & Trading Intern","BNP Paribas CIB","Lisboa, Lisbon, Portugal","https://pt.linkedin.com/jobs/view/ets-derivatives-trading-intern-at-bnp-paribas-cib-4474782340","semantic_filter","unsupported_domain","O título e as tags não identificam um domínio técnico suportado. 3 ocorrências consolidadas de 1 fonte(s): LinkedIn."
"LinkedIn","EDP Professional Internship 2026 | Portugal","EDP","Lisbon, Portugal","https://pt.linkedin.com/jobs/view/edp-professional-internship-2026-portugal-at-edp-4413994952","semantic_filter","unsupported_domain","O título e as tags não identificam um domínio técnico suportado. 8 ocorrências consolidadas de 1 fonte(s): LinkedIn."
"LinkedIn","EDP Professional Internship 2026 | Portugal","EDP","Porto, Portugal","https://pt.linkedin.com/jobs/view/edp-professional-internship-2026-portugal-at-edp-4414207628","semantic_filter","unsupported_domain","O título e as tags não identificam um domínio técnico suportado. 8 ocorrências consolidadas de 1 fonte(s): LinkedIn."
"LinkedIn","Professional Internship | Digitalization Controlling","SEG Automotive Portugal","Vila do Conde, Porto, Portugal","https://pt.linkedin.com/jobs/view/professional-internship-digitalization-controlling-at-seg-automotive-portugal-4472542453","semantic_filter","unsupported_domain","O título e as tags não identificam um domínio técnico suportado. 7 ocorrências consolidadas de 1 fonte(s): LinkedIn."
"LinkedIn","Extracurricular Internship: Purchasing Quality Reporting (f/m/div.)","Bosch Home Comfort Portugal","Aveiro, Aveiro, Portugal","https://pt.linkedin.com/jobs/view/extracurricular-internship-purchasing-quality-reporting-f-m-div-at-bosch-home-comfort-portugal-4474111745","semantic_filter","unsupported_domain","O título e as tags não identificam um domínio técnico suportado. 6 ocorrências consolidadas de 1 fonte(s): LinkedIn."
"LinkedIn","Mid Machine Learning Engineer","powertalent","Lisbon, Portugal","https://pt.linkedin.com/jobs/view/mid-machine-learning-engineer-at-powertalent-4473771456","semantic_filter","excluded_seniority","O título contém um nível claramente sénior: 'Mid'."
"LinkedIn","Marketing Digital - Estágio Curricular","Loni Technology","Portugal","https://pt.linkedin.com/jobs/view/marketing-digital-est%C3%A1gio-curricular-at-loni-technology-4475336647","semantic_filter","excluded_non_technical","O título identifica uma função não técnica: 'Marketing'. 2 ocorrências consolidadas de 1 fonte(s): LinkedIn."
"LinkedIn","Research Fellowship For Bachelor'S Degree Holder_Safewalk - €1.041,0 A Month","Universidade do Minho","Lisbon, Lisbon, Portugal","https://pt.linkedin.com/jobs/view/research-fellowship-for-bachelor-s-degree-holder-safewalk-%E2%82%AC1-041-0-a-month-at-universidade-do-minho-4474764279","semantic_filter","unsupported_domain","O título e as tags não identificam um domínio técnico suportado. 3 ocorrências consolidadas de 1 fonte(s): LinkedIn."
"LinkedIn","Data Scientist - Marketing Analytics","BNP Paribas","Lisbon, Lisbon, Portugal","https://pt.linkedin.com/jobs/view/data-scientist-marketing-analytics-at-bnp-paribas-4473932002","semantic_filter","excluded_non_technical","O título identifica uma função não técnica: 'Marketing'."
"LinkedIn","Risk Quantitative Analyst Trainee","BNP Paribas CIB","Lisboa, Lisbon, Portugal","https://pt.linkedin.com/jobs/view/risk-quantitative-analyst-trainee-at-bnp-paribas-cib-4473907472","semantic_filter","unsupported_domain","O título e as tags não identificam um domínio técnico suportado."
"LinkedIn","Técnico de Modelos","Crédito Agrícola","Lisbon Metropolitan Area","https://pt.linkedin.com/jobs/view/t%C3%A9cnico-de-modelos-at-cr%C3%A9dito-agr%C3%ADcola-4471398060","semantic_filter","unsupported_domain","O título e as tags não identificam um domínio técnico suportado."
"LinkedIn","Graduate growth manager","Bending Spoons","Lisboa, Lisbon, Portugal","https://pt.linkedin.com/jobs/view/graduate-growth-manager-at-bending-spoons-4472844368","semantic_filter","unsupported_domain","O título e as tags não identificam um domínio técnico suportado."
"LinkedIn","Intern in Evidence Synthesis - Health Economics - hybrid from Athens or Lisbon (Application Deadline: October 16th)","IQVIA","Oeiras, Lisbon, Portugal","https://pt.linkedin.com/jobs/view/intern-in-evidence-synthesis-health-economics-hybrid-from-athens-or-lisbon-application-deadline-october-16th-at-iqvia-4472164576","semantic_filter","unsupported_domain","O título e as tags não identificam um domínio técnico suportado. 3 ocorrências consolidadas de 1 fonte(s): LinkedIn."
"LinkedIn","Finance Curricular Intern - Controlling","Olympus Corporation","Coimbra, Coimbra, Portugal","https://pt.linkedin.com/jobs/view/finance-curricular-intern-controlling-at-olympus-corporation-4473136878","semantic_filter","unsupported_domain","O título e as tags não identificam um domínio técnico suportado. 2 ocorrências consolidadas de 1 fonte(s): LinkedIn."
"LinkedIn","Revenue Management Trainee - Estágios +Talento IEFP (m/f)","Pestana Hotel Group","Lisbon Metropolitan Area","https://pt.linkedin.com/jobs/view/revenue-management-trainee-est%C3%A1gios-%2Btalento-iefp-m-f-at-pestana-hotel-group-4471383843","semantic_filter","unsupported_domain","O título e as tags não identificam um domínio técnico suportado. 2 ocorrências consolidadas de 1 fonte(s): LinkedIn."
"LinkedIn","Master Data Intern (f/m/d)","Essity","Lisbon, Lisbon, Portugal","https://pt.linkedin.com/jobs/view/master-data-intern-f-m-d-at-essity-4473152828","deduplication","duplicate","2 ocorrências do mesmo anúncio foram consolidadas; foi mantida a versão de LinkedIn."
"LinkedIn","Global Cost Engineering Professional Internship (m/f/d)","BorgWarner","Viana do Castelo, Viana do Castelo, Portugal","https://pt.linkedin.com/jobs/view/global-cost-engineering-professional-internship-m-f-d-at-borgwarner-4463895605","semantic_filter","unsupported_domain","O título e as tags não identificam um domínio técnico suportado. 2 ocorrências consolidadas de 1 fonte(s): LinkedIn."
"LinkedIn","Data Integration Engineer (m/f/d) – Lisbon","Vanderlande","Lisbon, Lisbon, Portugal","https://pt.linkedin.com/jobs/view/data-integration-engineer-m-f-d-%E2%80%93-lisbon-at-vanderlande-4456260635","semantic_filter","unsupported_domain","O título e as tags não identificam um domínio técnico suportado."
"LinkedIn","2026.80 - Consultor Júnior Técnico SAP","eSPap, I.P.","Amadora, Lisbon, Portugal","https://pt.linkedin.com/jobs/view/2026-80-consultor-j%C3%BAnior-t%C3%A9cnico-sap-at-espap-i-p-4473808572","deduplication","duplicate","2 ocorrências do mesmo anúncio foram consolidadas; foi mantida a versão de LinkedIn."
"LinkedIn","Data Quality Trainee","BNP Paribas CIB","Lisboa, Lisbon, Portugal","https://pt.linkedin.com/jobs/view/data-quality-trainee-at-bnp-paribas-cib-4474322985","semantic_filter","unsupported_domain","O título e as tags não identificam um domínio técnico suportado."
"LinkedIn","Data Engineer II","Iterable","Lisbon, Lisbon, Portugal","https://pt.linkedin.com/jobs/view/data-engineer-ii-at-iterable-4446795359","semantic_filter","excluded_seniority","O título contém um nível claramente sénior: 'Engineer II'."
"LinkedIn","Consumer Experience Intern","BAT","Lisboa, Lisbon, Portugal","https://pt.linkedin.com/jobs/view/consumer-experience-intern-at-bat-4465416249","semantic_filter","unsupported_domain","O título e as tags não identificam um domínio técnico suportado."
"LinkedIn","Global Operations Intern","Emma – The Sleep Company","Lisboa, Lisbon, Portugal","https://pt.linkedin.com/jobs/view/global-operations-intern-at-emma-%E2%80%93-the-sleep-company-4472536414","semantic_filter","unsupported_domain","O título e as tags não identificam um domínio técnico suportado."
"LinkedIn","Junior Consultant Trainee","Marsh","Lisbon, Lisbon, Portugal","https://pt.linkedin.com/jobs/view/junior-consultant-trainee-at-marsh-4474533745","semantic_filter","unsupported_domain","O título e as tags não identificam um domínio técnico suportado."
"LinkedIn","Growth Strategy Intern - Brazilian Market","Emma – The Sleep Company","Lisboa, Lisbon, Portugal","https://pt.linkedin.com/jobs/view/growth-strategy-intern-brazilian-market-at-emma-%E2%80%93-the-sleep-company-4473361488","semantic_filter","unsupported_domain","O título e as tags não identificam um domínio técnico suportado."
"LinkedIn","Estágio Curricular - Junior PMO & Transformation Analyst","Unilabs","Porto, Portugal","https://pt.linkedin.com/jobs/view/est%C3%A1gio-curricular-junior-pmo-transformation-analyst-at-unilabs-4474323388","semantic_filter","unsupported_domain","O título e as tags não identificam um domínio técnico suportado."
"LinkedIn","Estágio IEFP – Product Specialist","astara","Lisboa, Lisbon, Portugal","https://pt.linkedin.com/jobs/view/est%C3%A1gio-iefp-%E2%80%93-product-specialist-at-astara-4455307943","semantic_filter","unsupported_domain","O título e as tags não identificam um domínio técnico suportado."
"LinkedIn","Feup|2 Research Initiation Grant - €701,1 A Month","Faculdade de Engenharia da Universidade do Porto","Viseu, Viseu, Portugal","https://pt.linkedin.com/jobs/view/feup-2-research-initiation-grant-%E2%82%AC701-1-a-month-at-faculdade-de-engenharia-da-universidade-do-porto-4475337045","semantic_filter","unsupported_domain","O título e as tags não identificam um domínio técnico suportado."
"LinkedIn","Research Grant - Edital Bi-Isise-Uminho-Ficofemai-16782-B1.4 - €1.309,6 A Month","Universidade do Minho","Lisbon, Lisbon, Portugal","https://pt.linkedin.com/jobs/view/research-grant-edital-bi-isise-uminho-ficofemai-16782-b1-4-%E2%82%AC1-309-6-a-month-at-universidade-do-minho-4474322068","semantic_filter","unsupported_domain","O título e as tags não identificam um domínio técnico suportado."
"LinkedIn","Feup|2 Research Initiation Grant - €701,1 A Month","Faculdade de Engenharia da Universidade do Porto","Lisbon, Lisbon, Portugal","https://pt.linkedin.com/jobs/view/feup-2-research-initiation-grant-%E2%82%AC701-1-a-month-at-faculdade-de-engenharia-da-universidade-do-porto-4474308101","semantic_filter","unsupported_domain","O título e as tags não identificam um domínio técnico suportado."
"LinkedIn","RPA Business Analyst Trainee","Solvay","Lisbon, Lisbon, Portugal","https://pt.linkedin.com/jobs/view/rpa-business-analyst-trainee-at-solvay-4472860362","semantic_filter","excluded_non_technical","O título identifica uma função não técnica: 'Business Analyst'."
"LinkedIn","Internship Programme 2027: Software Engineer (Java)","Revolut","Portugal","https://pt.linkedin.com/jobs/view/internship-programme-2027-software-engineer-java-at-revolut-4418844135","deduplication","duplicate","9 ocorrências do mesmo anúncio foram consolidadas; foi mantida a versão de LinkedIn."
"LinkedIn","Internship Programme 2027: Software Engineer (Android)","Revolut","Portugal","https://pt.linkedin.com/jobs/view/internship-programme-2027-software-engineer-android-at-revolut-4418843165","deduplication","duplicate","5 ocorrências do mesmo anúncio foram consolidadas; foi mantida a versão de LinkedIn."
"LinkedIn","Estágio Profissional – Junior Software Developer","NTT DATA Europe & Latam","Lisbon, Portugal","https://pt.linkedin.com/jobs/view/est%C3%A1gio-profissional-%E2%80%93-junior-software-developer-at-ntt-data-europe-latam-4473091990","deduplication","duplicate","4 ocorrências do mesmo anúncio foram consolidadas; foi mantida a versão de LinkedIn."
"LinkedIn","Application Security | Curricular Internship","Celfocus","Porto, Porto, Portugal","https://pt.linkedin.com/jobs/view/application-security-curricular-internship-at-celfocus-4444395727","deduplication","duplicate","5 ocorrências do mesmo anúncio foram consolidadas; foi mantida a versão de LinkedIn."
"LinkedIn","Estágio de Cibersegurança","Portway - Handling de Portugal S. A.","Lisboa, Lisbon, Portugal","https://pt.linkedin.com/jobs/view/est%C3%A1gio-de-ciberseguran%C3%A7a-at-portway-handling-de-portugal-s-a-4473325357","deduplication","duplicate","4 ocorrências do mesmo anúncio foram consolidadas; foi mantida a versão de LinkedIn."
"LinkedIn","Professional Internship Information Technology - Client Support (m/f/d)","BorgWarner","Viana do Castelo, Viana do Castelo, Portugal","https://pt.linkedin.com/jobs/view/professional-internship-information-technology-client-support-m-f-d-at-borgwarner-4471510701","deduplication","duplicate","2 ocorrências do mesmo anúncio foram consolidadas; foi mantida a versão de LinkedIn."
"LinkedIn","Junior Javascript (NodeJS & React) Developer","Neotalent Conclusion","Lisbon Metropolitan Area","https://pt.linkedin.com/jobs/view/junior-javascript-nodejs-react-developer-at-neotalent-conclusion-4474712855","deduplication","duplicate","9 ocorrências do mesmo anúncio foram consolidadas; foi mantida a versão de LinkedIn."
"LinkedIn","Graduate Programme 2027: Software Engineer (Java)","Revolut","Porto, Porto, Portugal","https://pt.linkedin.com/jobs/view/graduate-programme-2027-software-engineer-java-at-revolut-4418825676","deduplication","duplicate","10 ocorrências do mesmo anúncio foram consolidadas; foi mantida a versão de LinkedIn."
"LinkedIn","Software Engineer - PHP Developer","GRiT Solutions","Lisbon, Portugal","https://pt.linkedin.com/jobs/view/software-engineer-php-developer-at-grit-solutions-4318392516","deduplication","duplicate","9 ocorrências do mesmo anúncio foram consolidadas; foi mantida a versão de LinkedIn."
"LinkedIn","Java Full Stack – Junior","IRIUM Portugal","Lisbon, Lisbon, Portugal","https://pt.linkedin.com/jobs/view/java-full-stack-%E2%80%93-junior-at-irium-portugal-4473262402","deduplication","duplicate","10 ocorrências do mesmo anúncio foram consolidadas; foi mantida a versão de LinkedIn."
"LinkedIn","Graduate Programme 2027: Software Engineer (Java)","Revolut","Portugal","https://pt.linkedin.com/jobs/view/graduate-programme-2027-software-engineer-java-at-revolut-4418834450","deduplication","duplicate","8 ocorrências do mesmo anúncio foram consolidadas; foi mantida a versão de LinkedIn."
"LinkedIn","Software Engineer - .NET Developer","GRiT Solutions","Lisbon, Portugal","https://pt.linkedin.com/jobs/view/software-engineer-net-developer-at-grit-solutions-4471502312","deduplication","duplicate","7 ocorrências do mesmo anúncio foram consolidadas; foi mantida a versão de LinkedIn."
"LinkedIn","Java Back End – Junior","IRIUM Portugal","Lisbon, Lisbon, Portugal","https://pt.linkedin.com/jobs/view/java-back-end-%E2%80%93-junior-at-irium-portugal-4473260313","deduplication","duplicate","7 ocorrências do mesmo anúncio foram consolidadas; foi mantida a versão de LinkedIn."
"LinkedIn",".NET Developer","Onile IT","Lisbon, Portugal","https://pt.linkedin.com/jobs/view/net-developer-at-onile-it-4473168295","deduplication","duplicate","7 ocorrências do mesmo anúncio foram consolidadas; foi mantida a versão de LinkedIn."
"LinkedIn","Junior Software & Integration Developer","SONAE ARAUCO","Maia, Porto, Portugal","https://pt.linkedin.com/jobs/view/junior-software-integration-developer-at-sonae-arauco-4434979514","deduplication","duplicate","6 ocorrências do mesmo anúncio foram consolidadas; foi mantida a versão de LinkedIn."
"LinkedIn","Software Engineer for Space Projects","GMV","Lisbon, Lisbon, Portugal","https://pt.linkedin.com/jobs/view/software-engineer-for-space-projects-at-gmv-4474766920","deduplication","duplicate","7 ocorrências do mesmo anúncio foram consolidadas; foi mantida a versão de LinkedIn."
"LinkedIn","Full-Stack Engineer (Back-End Leaning)","ElevenLabs","Portugal","https://pt.linkedin.com/jobs/view/full-stack-engineer-back-end-leaning-at-elevenlabs-4474365614","deduplication","duplicate","10 ocorrências do mesmo anúncio foram consolidadas; foi mantida a versão de LinkedIn."
"LinkedIn","Junior TIBCO Developer","Next Engineering","Lisbon Metropolitan Area","https://pt.linkedin.com/jobs/view/junior-tibco-developer-at-next-engineering-4472699897","deduplication","duplicate","8 ocorrências do mesmo anúncio foram consolidadas; foi mantida a versão de LinkedIn."
"LinkedIn","Mobile Developer","Decskill","Lisbon Metropolitan Area","https://pt.linkedin.com/jobs/view/mobile-developer-at-decskill-4473165433","deduplication","duplicate","10 ocorrências do mesmo anúncio foram consolidadas; foi mantida a versão de LinkedIn."
"LinkedIn","Full-Stack Engineer (Front-End Leaning)","ElevenLabs","Portugal","https://pt.linkedin.com/jobs/view/full-stack-engineer-front-end-leaning-at-elevenlabs-4474371441","deduplication","duplicate","8 ocorrências do mesmo anúncio foram consolidadas; foi mantida a versão de LinkedIn."
"LinkedIn","Embedded Software Engineer","ICT Strypes Portugal","Lisbon, Portugal","https://pt.linkedin.com/jobs/view/embedded-software-engineer-at-ict-strypes-portugal-4443176475","deduplication","duplicate","8 ocorrências do mesmo anúncio foram consolidadas; foi mantida a versão de LinkedIn."
"LinkedIn","Junior Integration Developer (TIBCO)","Adentis Portugal","Lisbon Metropolitan Area","https://pt.linkedin.com/jobs/view/junior-integration-developer-tibco-at-adentis-portugal-4472558909","deduplication","duplicate","7 ocorrências do mesmo anúncio foram consolidadas; foi mantida a versão de LinkedIn."
"LinkedIn","Software Shopfloor Solutions Engineer","Continental","Lousado, Braga, Portugal","https://pt.linkedin.com/jobs/view/software-shopfloor-solutions-engineer-at-continental-4472749096","semantic_filter","unsupported_domain","O título e as tags não identificam um domínio técnico suportado. 6 ocorrências consolidadas de 1 fonte(s): LinkedIn."
"LinkedIn","Engenheiro Informático (M/F)","LUZA Group","Águeda, Aveiro, Portugal","https://pt.linkedin.com/jobs/view/engenheiro-inform%C3%A1tico-m-f-at-luza-group-4472831054","semantic_filter","unsupported_domain","O título e as tags não identificam um domínio técnico suportado. 7 ocorrências consolidadas de 1 fonte(s): LinkedIn."
"LinkedIn","COBOL DEVELOPER – JUNIOR (HÍBRIDO)","iTRTech Group","Lisbon, Lisbon, Portugal","https://pt.linkedin.com/jobs/view/cobol-developer-%E2%80%93-junior-h%C3%ADbrido-at-itrtech-group-4472683511","deduplication","duplicate","3 ocorrências do mesmo anúncio foram consolidadas; foi mantida a versão de LinkedIn."
"LinkedIn","Website Management Trainee (f/m/div)","Infineon Technologies","Maia, Porto, Portugal","https://pt.linkedin.com/jobs/view/website-management-trainee-f-m-div-at-infineon-technologies-4473267029","semantic_filter","unsupported_domain","O título e as tags não identificam um domínio técnico suportado."
"LinkedIn","IT Engineer Trainee (m/f/d) – Lisbon","Vanderlande","Lisbon, Lisbon, Portugal","https://pt.linkedin.com/jobs/view/it-engineer-trainee-m-f-d-%E2%80%93-lisbon-at-vanderlande-4446754528","deduplication","duplicate","4 ocorrências do mesmo anúncio foram consolidadas; foi mantida a versão de LinkedIn."
"LinkedIn","Junior DevOps Engineer","Crossjoin Solutions","Almada, Setúbal, Portugal","https://pt.linkedin.com/jobs/view/junior-devops-engineer-at-crossjoin-solutions-4472340230","deduplication","duplicate","2 ocorrências do mesmo anúncio foram consolidadas; foi mantida a versão de LinkedIn."
"LinkedIn","Junior Software Test and Integration Engineer","Kardex","Lisbon Metropolitan Area","https://pt.linkedin.com/jobs/view/junior-software-test-and-integration-engineer-at-kardex-4467879108","semantic_filter","unsupported_domain","O título e as tags não identificam um domínio técnico suportado."
"LinkedIn","Software Development Engineer in Test","Samba","Porto, Portugal","https://pt.linkedin.com/jobs/view/software-development-engineer-in-test-at-samba-4457377643","deduplication","duplicate","2 ocorrências do mesmo anúncio foram consolidadas; foi mantida a versão de LinkedIn."
"LinkedIn","Graduate Non-Financial Risks","Leonteq","Lisbon, Portugal","https://pt.linkedin.com/jobs/view/graduate-non-financial-risks-at-leonteq-4457762867","semantic_filter","unsupported_domain","O título e as tags não identificam um domínio técnico suportado."
"LinkedIn","Graduate Programme 2027: Software Engineer (Android)","Revolut","Porto, Porto, Portugal","https://pt.linkedin.com/jobs/view/graduate-programme-2027-software-engineer-android-at-revolut-4418832558","deduplication","duplicate","2 ocorrências do mesmo anúncio foram consolidadas; foi mantida a versão de LinkedIn."
"LinkedIn","Visteon NextGen - Programa de Estágios","Visteon Portuguesa","Palmela, Setúbal, Portugal","https://pt.linkedin.com/jobs/view/visteon-nextgen-programa-de-est%C3%A1gios-at-visteon-portuguesa-4472909989","semantic_filter","unsupported_domain","O título e as tags não identificam um domínio técnico suportado."
"LinkedIn","Deloitte Hello World IT 26/27 - New Graduates - Join us","Deloitte","Faro, Faro, Portugal","https://pt.linkedin.com/jobs/view/deloitte-hello-world-it-26-27-new-graduates-join-us-at-deloitte-4475007044","semantic_filter","excluded_company","Deloitte está explicitamente excluída desta pesquisa."
"LinkedIn","TIBCO Júnior","Nimber","Lisbon, Lisbon, Portugal","https://pt.linkedin.com/jobs/view/tibco-j%C3%BAnior-at-nimber-4472341759","semantic_filter","unsupported_domain","O título e as tags não identificam um domínio técnico suportado."
"LinkedIn","Staff Software Engineer","We Are META","Portugal","https://pt.linkedin.com/jobs/view/staff-software-engineer-at-we-are-meta-4474733823","semantic_filter","excluded_seniority","O título contém um nível claramente sénior: 'Staff'."
"LinkedIn","Principal Software Engineer - Performance Tuning - Elasticsearch","Elastic","Portugal","https://pt.linkedin.com/jobs/view/principal-software-engineer-performance-tuning-elasticsearch-at-elastic-4455792041","semantic_filter","excluded_seniority","O título contém um nível claramente sénior: 'Principal'."
"LinkedIn","Cloud AI Engineer - Golang [Medior/Senior] - Iberia","DEUS: human(ity)-centered AI","Porto, Portugal","https://pt.linkedin.com/jobs/view/cloud-ai-engineer-golang-medior-senior-iberia-at-deus-human-ity-centered-ai-4474756627","semantic_filter","excluded_seniority","O título contém um nível claramente sénior: 'Senior'."
"LinkedIn","Staff Software Engineer, Data Platform - Lisbon","Discord","Lisbon Metropolitan Area","https://pt.linkedin.com/jobs/view/staff-software-engineer-data-platform-lisbon-at-discord-4472599624","semantic_filter","excluded_seniority","O título contém um nível claramente sénior: 'Staff'."
"LinkedIn","Staff Engineer (Core & MLOps) - Remote","Zyte","Lisbon, Lisbon, Portugal","https://pt.linkedin.com/jobs/view/staff-engineer-core-mlops-remote-at-zyte-4472136413","semantic_filter","excluded_seniority","O título contém um nível claramente sénior: 'Staff'."
"LinkedIn","Lead Engineer, AI Platform","Circle","Lisboa, Lisbon, Portugal","https://pt.linkedin.com/jobs/view/lead-engineer-ai-platform-at-circle-4473988953","semantic_filter","excluded_seniority","O título contém um nível claramente sénior: 'Lead'."
"LinkedIn","Senior Software Engineer - Integrations 3P - Platform","Elastic","Portugal","https://pt.linkedin.com/jobs/view/senior-software-engineer-integrations-3p-platform-at-elastic-4455227347","semantic_filter","excluded_seniority","O título contém um nível claramente sénior: 'Senior'."
"LinkedIn","Senior AI Software Engineer","We Are META","Porto, Portugal","https://pt.linkedin.com/jobs/view/senior-ai-software-engineer-at-we-are-meta-4474796027","semantic_filter","excluded_seniority","O título contém um nível claramente sénior: 'Senior'."
"ITJobs.pt","Junior SecDevOps","PDMFC","Lisbon, Portugal","https://www.itjobs.pt/oferta/517272/junior-secdevops-pdmfc-lisbon-portugal","semantic_filter","outside_recency_window","A vaga foi publicada em 2026-09-24, fora da janela dos últimos 7 dias."
"ITJobs.pt","Junior SAP ABAP Developer","YellowIpe","Lisbon, Portugal","https://www.itjobs.pt/oferta/516666/junior-sap-abap-developer","semantic_filter","outside_recency_window","A vaga foi publicada em 2026-09-09, fora da janela dos últimos 7 dias."
"ITJobs.pt","Técnico de Suporte TI Júnior","Knowledge Inside","Lisbon, Portugal","https://www.itjobs.pt/oferta/517124/tecnico-de-suporte-ti-junior","semantic_filter","outside_recency_window","A vaga foi publicada em 2026-09-20, fora da janela dos últimos 7 dias."
"ITJobs.pt","Junior Power systems Embedded  Software Developer (C/C++)","YellowIpe","Portugal","https://www.itjobs.pt/oferta/516329/junior-power-systems-embedded-software-developer-c-c","semantic_filter","outside_recency_window","A vaga foi publicada em 2026-09-04, fora da janela dos últimos 7 dias."
"ITJobs.pt","Junior SAP Basis Consultant","Sourcing Trust","Lisbon, Portugal","https://www.itjobs.pt/oferta/517474/junior-sap-basis-consultant","semantic_filter","outside_recency_window","A vaga foi publicada em 2026-09-25, fora da janela dos últimos 7 dias."
"ITJobs.pt","Junior AI Engineer","Neotalent Conclusion","Lisbon, Portugal","https://www.itjobs.pt/oferta/516612/junior-ai-engineer","semantic_filter","outside_recency_window","A vaga foi publicada em 2026-09-22, fora da janela dos últimos 7 dias."
"ITJobs.pt","Junior Elasticsearch & Observability Engineer","Sourcing Trust","Lisbon, Portugal","https://www.itjobs.pt/oferta/517077/junior-elasticsearch-observability-engineer","semantic_filter","outside_recency_window","A vaga foi publicada em 2026-09-18, fora da janela dos últimos 7 dias."
"ITJobs.pt","Junior Java Backend Developer","Dellent","Lisbon, Portugal","https://www.itjobs.pt/oferta/516979/junior-java-backend-developer","semantic_filter","outside_recency_window","A vaga foi publicada em 2026-09-15, fora da janela dos últimos 7 dias."
"ITJobs.pt","Junior Firewall/Network Security Engineer","Dellent","Lisbon, Portugal","https://www.itjobs.pt/oferta/516156/junior-firewall-network-security-engineer","semantic_filter","outside_recency_window","A vaga foi publicada em 2026-09-09, fora da janela dos últimos 7 dias."
"ITJobs.pt","Junior Project Manager","Aubay","Portugal","https://www.itjobs.pt/oferta/516722/junior-project-manager","semantic_filter","outside_recency_window","A vaga foi publicada em 2026-09-07, fora da janela dos últimos 7 dias."
"ITJobs.pt","Junior AI Engineer","Eurotux","Braga, Portugal","https://www.itjobs.pt/oferta/516630/data-scientist","semantic_filter","outside_recency_window","A vaga foi publicada em 2026-09-03, fora da janela dos últimos 7 dias."
"ITJobs.pt","Junior Java Backend","Dellent","Aveiro, Portugal","https://www.itjobs.pt/oferta/515862/junior-java-backend","semantic_filter","outside_recency_window","A vaga foi publicada em 2026-09-02, fora da janela dos últimos 7 dias."
"ITJobs.pt","Junior Project manager","KCS IT","Lisbon, Portugal","https://www.itjobs.pt/oferta/517080/junior-project-manager","semantic_filter","outside_recency_window","A vaga foi publicada em 2026-09-17, fora da janela dos últimos 7 dias."
"ITJobs.pt","Digital Marketing Specialist","Consultar Anúncio","Porto, Portugal","https://www.itjobs.pt/oferta/517529/digital-marketing-specialist","semantic_filter","missing_post_date","A vaga não tem uma data de publicação verificável. 3 ocorrências consolidadas de 1 fonte(s): ITJobs.pt."
"ITJobs.pt","Técnico de Informática Júnior – Estágio IEFP INICIAR (Nível 4)","Microrégio","Porto, Portugal","https://www.itjobs.pt/oferta/517347/tecnico-a-de-informatica-junior-estagio-iefp-iniciar-nivel-4","semantic_filter","outside_recency_window","A vaga foi publicada em 2026-09-25, fora da janela dos últimos 7 dias. 2 ocorrências consolidadas de 1 fonte(s): ITJobs.pt."
"ITJobs.pt","Junior Project Manager – Healthcare and Cybersecurity","ITDS Portugal","Lisbon, Portugal","https://www.itjobs.pt/oferta/516745/junior-project-manager-healthcare-and-cybersecurity","semantic_filter","outside_recency_window","A vaga foi publicada em 2026-09-25, fora da janela dos últimos 7 dias."
"ITJobs.pt","Junior PHP Developer - Estágio profissional","Shopkit","Portugal","https://www.itjobs.pt/oferta/516702/junior-php-developer-estagio-profissional","semantic_filter","outside_recency_window","A vaga foi publicada em 2026-09-07, fora da janela dos últimos 7 dias. 2 ocorrências consolidadas de 1 fonte(s): ITJobs.pt."
"ITJobs.pt","Junior Data Engineer","Pluto Analytics","Lisbon, Portugal","https://www.itjobs.pt/oferta/516629/junior-data-engineer","semantic_filter","outside_recency_window","A vaga foi publicada em 2026-09-04, fora da janela dos últimos 7 dias."
"ITJobs.pt","Junior Software Engineer","Go4Mobility","Lisbon, Portugal","https://www.itjobs.pt/oferta/517005/junior-software-engineer","semantic_filter","outside_recency_window","A vaga foi publicada em 2026-09-16, fora da janela dos últimos 7 dias."
"ITJobs.pt","Consultor Júnior - Mainframe/Batch | Turnos","Integer Consulting","Lisbon, Portugal","https://www.itjobs.pt/oferta/516638/consultor-junior-mainframe-batch-turnos","semantic_filter","outside_recency_window","A vaga foi publicada em 2026-09-07, fora da janela dos últimos 7 dias."
"ITJobs.pt","Consultor Salesforce & AI","ImproveByTech","Portugal (Remote)","https://www.itjobs.pt/oferta/517036/consultor-salesforce-ai-junior","semantic_filter","outside_recency_window","A vaga foi publicada em 2026-09-16, fora da janela dos últimos 7 dias."
"ITJobs.pt","Network Engineer","Nonius","Porto, Portugal","https://www.itjobs.pt/oferta/516858/network-engineer","semantic_filter","outside_recency_window","A vaga foi publicada em 2026-09-13, fora da janela dos últimos 7 dias."
"ITJobs.pt","Network Engineer | French Speaker","Nonius","Porto, Portugal","https://www.itjobs.pt/oferta/516859/network-engineer-french-speaker","semantic_filter","outside_recency_window","A vaga foi publicada em 2026-09-11, fora da janela dos últimos 7 dias."
"ITJobs.pt","Senior Salesforce Tech Lead - Vlocity","GRiT Solutions","Lisbon, Portugal","https://www.itjobs.pt/oferta/517481/senior-salesforce-tech-lead-vlocity","semantic_filter","excluded_seniority","O título contém um nível claramente sénior: 'Senior'."
"ITJobs.pt","Senior QA Engineer","IT House - Global Business Solutions","Porto, Portugal","https://www.itjobs.pt/oferta/517131/senior-qa-engineer","semantic_filter","outside_recency_window","A vaga foi publicada em 2026-09-21, fora da janela dos últimos 7 dias."
"ITJobs.pt","Dynamics 365 Senior Functional Consultant","Dellent","Lisbon, Portugal","https://www.itjobs.pt/oferta/516312/dynamics-365-senior-functional-consultant","semantic_filter","outside_recency_window","A vaga foi publicada em 2026-09-16, fora da janela dos últimos 7 dias."
"ITJobs.pt","TIBCO Developer","Isprox","Lisbon, Portugal","https://www.itjobs.pt/oferta/516999/tibco-developer","semantic_filter","outside_recency_window","A vaga foi publicada em 2026-09-15, fora da janela dos últimos 7 dias."
"ITJobs.pt","Senior COBOL Developer – Mainframe Systems","ITDS Portugal","Lisbon, Portugal","https://www.itjobs.pt/oferta/516512/senior-cobol-developer-mainframe-systems","semantic_filter","outside_recency_window","A vaga foi publicada em 2026-09-11, fora da janela dos últimos 7 dias."
"ITJobs.pt","Senior Observability Engineer","GRiT Solutions","Lisbon, Portugal","https://www.itjobs.pt/oferta/516622/senior-observability-engineer","semantic_filter","outside_recency_window","A vaga foi publicada em 2026-09-07, fora da janela dos últimos 7 dias."
"ITJobs.pt","Senior COBOL Developer – Banking and Financial Services","ITDS Portugal","Lisbon, Portugal","https://www.itjobs.pt/oferta/516395/senior-cobol-developer-banking-and-financial-services","semantic_filter","outside_recency_window","A vaga foi publicada em 2026-09-03, fora da janela dos últimos 7 dias."
"ITJobs.pt","MuleSoft Architect","Neotalent Conclusion","Portugal","https://www.itjobs.pt/oferta/516284/mulesoft-architect","semantic_filter","outside_recency_window","A vaga foi publicada em 2026-09-01, fora da janela dos últimos 7 dias."
"ITJobs.pt","Salesforce Marketing Cloud Specialist","KCS IT","Porto, Portugal","https://www.itjobs.pt/oferta/517081/salesforce-marketing-cloud-specialist","semantic_filter","excluded_non_technical","O título identifica uma função não técnica: 'Marketing'."
"ITJobs.pt","Tech Lead Java","Aubay","Portugal (Remote)","https://www.itjobs.pt/oferta/516783/tech-lead-java","semantic_filter","outside_recency_window","A vaga foi publicada em 2026-09-09, fora da janela dos últimos 7 dias."
"ITJobs.pt","IT Recruiter","Madiff","Portugal (Remote)","https://www.itjobs.pt/oferta/516706/it-recruiter","semantic_filter","outside_recency_window","A vaga foi publicada em 2026-09-07, fora da janela dos últimos 7 dias."
"ITJobs.pt","Frontend Developer (React.js)","KWAN","Lisbon, Portugal","https://www.itjobs.pt/oferta/517144/frontend-developer-react-js","semantic_filter","outside_recency_window","A vaga foi publicada em 2026-09-20, fora da janela dos últimos 7 dias."
"ITJobs.pt","Técnico de Dados e Inteligência Artificial","Mundi Consulting","Lisbon, Portugal","https://www.itjobs.pt/oferta/516816/tecnico-de-dados-e-inteligencia-artificial","semantic_filter","outside_recency_window","A vaga foi publicada em 2026-09-10, fora da janela dos últimos 7 dias."
"ITJobs.pt","C# .NET Developer (French Speaker)","Consultar Anúncio","Porto, Portugal","https://www.itjobs.pt/oferta/517636/c-net-developer-french-speaker","semantic_filter","missing_post_date","A vaga não tem uma data de publicação verificável. 2 ocorrências consolidadas de 1 fonte(s): ITJobs.pt."
"ITJobs.pt","Mid-Level Fullstack Java & Angu...","Consultar Anúncio","Porto, Portugal","https://www.itjobs.pt/oferta/517652/mid-level-fullstack-java-angular-developer-banking-systems","semantic_filter","missing_post_date","A vaga não tem uma data de publicação verificável. 2 ocorrências consolidadas de 1 fonte(s): ITJobs.pt."
"ITJobs.pt","AI Tech Lead","Consultar Anúncio","Portugal","https://www.itjobs.pt/oferta/517647/ai-tech-lead","semantic_filter","missing_post_date","A vaga não tem uma data de publicação verificável. 2 ocorrências consolidadas de 1 fonte(s): ITJobs.pt."
"ITJobs.pt","M365 Engineer","Consultar Anúncio","Porto, Portugal","https://www.itjobs.pt/oferta/517637/m365-engineer","semantic_filter","missing_post_date","A vaga não tem uma data de publicação verificável. 2 ocorrências consolidadas de 1 fonte(s): ITJobs.pt."
"ITJobs.pt","Automation Tester (French Speaker)","Consultar Anúncio","Portugal","https://www.itjobs.pt/oferta/517645/automation-tester-french-speaker","semantic_filter","missing_post_date","A vaga não tem uma data de publicação verificável. 2 ocorrências consolidadas de 1 fonte(s): ITJobs.pt."
"ITJobs.pt","Recém-Licenciado / Mestre em Engenharia Informática","Outsoft","Porto, Portugal","https://www.itjobs.pt/oferta/516879/recem-licenciado-mestre-em-engenharia-informatica","semantic_filter","outside_recency_window","A vaga foi publicada em 2026-09-13, fora da janela dos últimos 7 dias."
"Himalayas","AI Response Evaluator","iMerit","France, Japan, Mexico, Norway, Turkey, Vietnam","https://himalayas.app/companies/imerit/jobs/ai-response-evaluation-analyst","semantic_filter","outside_recency_window","A vaga foi publicada em 2026-09-08, fora da janela dos últimos 7 dias."
"Himalayas","Junior Full Stack Engineer – AI","The Global Talent Co.","South Africa","https://himalayas.app/companies/the-global-talent-co/jobs/junior-full-stack-engineer-ai","semantic_filter","outside_recency_window","A vaga foi publicada em 2026-09-07, fora da janela dos últimos 7 dias."
"Himalayas","Junior Applied AI Engineer","Colibri Digital","United Kingdom","https://himalayas.app/companies/colibri-digital/jobs/junior-applied-ai-engineer-6337968340","semantic_filter","outside_recency_window","A vaga foi publicada em 2026-09-10, fora da janela dos últimos 7 dias."
"Himalayas","Junior AI/ML Engineer (GenAI, AWS)","Provectus","Armenia, Poland, Serbia, Ukraine","https://himalayas.app/companies/provectus/jobs/junior-ai-ml-engineer-genai-aws","semantic_filter","outside_recency_window","A vaga foi publicada em 2026-09-13, fora da janela dos últimos 7 dias."
"Himalayas","AI Mentor Junior","Teamcubation","Argentina","https://himalayas.app/companies/teamcubation/jobs/ai-mentor-junior","semantic_filter","outside_recency_window","A vaga foi publicada em 2026-09-18, fora da janela dos últimos 7 dias."
"Himalayas","Junior AI Full-Stack Developer","Concurrences","Brazil","https://himalayas.app/companies/concurrences/jobs/junior-ai-full-stack-developer","semantic_filter","outside_recency_window","A vaga foi publicada em 2026-09-25, fora da janela dos últimos 7 dias."
"Himalayas","Junior Software Engineer, AI Agent Platform","Motorola Solutions","Canada","https://himalayas.app/companies/motorola-solutions/jobs/junior-software-engineer-ai-agent-platform","semantic_filter","outside_recency_window","A vaga foi publicada em 2026-09-08, fora da janela dos últimos 7 dias."
"Himalayas","Junior AI Consultant","Yellowtail Conclusion","Netherlands","https://himalayas.app/companies/yellowtail-conclusion/jobs/junior-ai-consultant","semantic_filter","outside_recency_window","A vaga foi publicada em 2026-09-25, fora da janela dos últimos 7 dias."
"Himalayas","Full-stack AI Developer Jr.","Sequoia Connect","Mexico","https://himalayas.app/companies/sequoia-connect/jobs/full-stack-ai-developer-jr","semantic_filter","outside_recency_window","A vaga foi publicada em 2026-09-17, fora da janela dos últimos 7 dias."
"Himalayas","Junior UX/UI Designer (AI-Native Process)","Flying Bisons","Poland","https://himalayas.app/companies/flying-bisons/jobs/junior-ux-ui-designer-ai-native-process","semantic_filter","outside_recency_window","A vaga foi publicada em 2026-09-09, fora da janela dos últimos 7 dias."
"Himalayas","Junior Account Executive - AI Sales (LA)","Quantanite","United States","https://himalayas.app/companies/quantanite/jobs/junior-account-executive-ai-sales-la","semantic_filter","outside_recency_window","A vaga foi publicada em 2026-08-21, fora da janela dos últimos 7 dias."
"Himalayas","Junior Account Executive - AI Sales (AZ)","Quantanite","United States","https://himalayas.app/companies/quantanite/jobs/junior-account-executive-ai-sales-az","semantic_filter","outside_recency_window","A vaga foi publicada em 2026-08-21, fora da janela dos últimos 7 dias."
"Himalayas","Junior Project Manager (AI/ ML) - Asian market","TSMG","Thailand","https://himalayas.app/companies/tsmg/jobs/junior-project-manager-ai-ml-asian-market-1972779478","semantic_filter","excluded_non_technical","O título identifica uma função não técnica: 'Project Manager'."
"Himalayas","Legal Analyst — AI & Competition Law (Junior)","Concurrences","Argentina, Brazil, Chile, Colombia","https://himalayas.app/companies/concurrences/jobs/legal-analyst-ai-competition-law-junior","semantic_filter","excluded_non_technical","O título identifica uma função não técnica: 'Legal'."
"Himalayas","Junior Account Executive - AI Sales (SLC)","Quantanite","United States","https://himalayas.app/companies/quantanite/jobs/junior-account-executive-ai-sales-slc","semantic_filter","outside_recency_window","A vaga foi publicada em 2026-09-11, fora da janela dos últimos 7 dias."
"Himalayas","Intern - Generative AI/Agentic AI/Research","Cotiviti","United States","https://himalayas.app/companies/cotiviti/jobs/intern-generative-ai-agentic-ai-research","semantic_filter","outside_recency_window","A vaga foi publicada em 2026-09-23, fora da janela dos últimos 7 dias."
"Himalayas","AI Engineering Intern","M3 USA","United States","https://himalayas.app/companies/m3-com/jobs/ai-engineering-intern","semantic_filter","outside_recency_window","A vaga foi publicada em 2026-09-10, fora da janela dos últimos 7 dias."
"Himalayas","Engineering Intern – Gen AI for FP&A Platform","Drivetrain","India","https://himalayas.app/companies/drivetrain/jobs/engineering-intern-gen-ai-for-fp-a-platform","semantic_filter","outside_recency_window","A vaga foi publicada em 2026-09-18, fora da janela dos últimos 7 dias."
"Himalayas","Engineering Intern – Gen AI for FP&A Platform","Drivetrain","United States","https://himalayas.app/companies/drivetrain/jobs/engineering-intern-gen-ai-for-fp-a-platform-6144151966","semantic_filter","outside_recency_window","A vaga foi publicada em 2026-09-18, fora da janela dos últimos 7 dias."
"Himalayas","Intern, Data Science, Machine Learning & AI-Remote","American Heart Association","United States","https://himalayas.app/companies/american-heart-association/jobs/intern-data-science-machine-learning-ai-remote","deduplication","duplicate","2 ocorrências do mesmo anúncio foram consolidadas; foi mantida a versão de Himalayas."
"Himalayas","Intern - Gen AI Research Engineer (Hiring Now!)","Cotiviti","United States","https://himalayas.app/companies/cotiviti/jobs/intern-gen-ai-research-engineer-hiring-now","semantic_filter","outside_recency_window","A vaga foi publicada em 2026-09-21, fora da janela dos últimos 7 dias. 2 ocorrências consolidadas de 1 fonte(s): Himalayas."
"Himalayas","AI & Automation Engineering Intern - Summer 2027","Veeam Software","United States","https://himalayas.app/companies/veeam-software/jobs/ai-automation-engineering-intern-summer-2027","semantic_filter","outside_recency_window","A vaga foi publicada em 2026-09-13, fora da janela dos últimos 7 dias. 2 ocorrências consolidadas de 1 fonte(s): Himalayas."
"Himalayas","Emergency Communications Innovation and AI Intern","World Vision","United States","https://himalayas.app/companies/world-vision/jobs/emergency-communications-innovation-and-ai-intern","semantic_filter","outside_recency_window","A vaga foi publicada em 2026-09-18, fora da janela dos últimos 7 dias."
"Himalayas","A.I. Engineering Intern","Sezzle","Chile","https://himalayas.app/companies/sezzle/jobs/a-i-engineering-intern-9077426331","semantic_filter","outside_recency_window","A vaga foi publicada em 2026-08-31, fora da janela dos últimos 7 dias."
"Himalayas","A.I. Engineering Intern","Sezzle","Brazil","https://himalayas.app/companies/sezzle/jobs/a-i-engineering-intern","semantic_filter","outside_recency_window","A vaga foi publicada em 2026-08-31, fora da janela dos últimos 7 dias."
"Himalayas","AI Engineer Intern","Lockheed Martin Corporation","United States","https://himalayas.app/companies/lockheed-martin-corporation/jobs/ai-engineer-intern","deduplication","duplicate","2 ocorrências do mesmo anúncio foram consolidadas; foi mantida a versão de Himalayas."
"Himalayas","People & Culture AI Transformation Intern- Summer 2027","Veeam Software","United States","https://himalayas.app/companies/veeam-software/jobs/people-culture-ai-transformation-intern-summer-2027","semantic_filter","outside_recency_window","A vaga foi publicada em 2026-09-13, fora da janela dos últimos 7 dias."
"Himalayas","Marketing AI Intern","Azul","United States","https://himalayas.app/companies/azul/jobs/marketing-ai-intern","semantic_filter","outside_recency_window","A vaga foi publicada em 2026-08-19, fora da janela dos últimos 7 dias."
"Himalayas","A.I. Engineering Intern","Sezzle","Mexico","https://himalayas.app/companies/sezzle/jobs/a-i-engineering-intern-8057519011","semantic_filter","outside_recency_window","A vaga foi publicada em 2026-08-31, fora da janela dos últimos 7 dias."
"Himalayas","Undergrad Intern – Machine Learning Engineer – Amgen’s Technology & Medical Orga","Amgen","United States","https://himalayas.app/companies/amgen/jobs/undergrad-intern-machine-learning-engineer-amgen-s-technology-medical-orga","semantic_filter","outside_recency_window","A vaga foi publicada em 2026-09-14, fora da janela dos últimos 7 dias."
"Himalayas","Grad Intern – Machine Learning Engineer – Amgen’s Technology & Medical Organizat","Amgen","United States","https://himalayas.app/companies/amgen/jobs/grad-intern-machine-learning-engineer-amgen-s-technology-medical-organizat","semantic_filter","outside_recency_window","A vaga foi publicada em 2026-09-14, fora da janela dos últimos 7 dias."
"Himalayas","Internship - Machine Learning Engineer","Smule,Inc.","United States","https://himalayas.app/companies/smule-inc/jobs/internship-machine-learning-engineer","semantic_filter","outside_recency_window","A vaga foi publicada em 2026-08-17, fora da janela dos últimos 7 dias."
"Himalayas","Research Scientist Intern (2026)","Whiterabbit.ai","United States","https://himalayas.app/companies/whiterabbit-ai/jobs/research-scientist-intern-2026","semantic_filter","outside_recency_window","A vaga foi publicada em 2026-09-18, fora da janela dos últimos 7 dias."
"Himalayas","Blockchain Security Expert Intern - AI Track","CertiK","United States","https://himalayas.app/companies/certik/jobs/blockchain-security-expert-intern-ai-track","semantic_filter","outside_recency_window","A vaga foi publicada em 2026-09-18, fora da janela dos últimos 7 dias."
"Himalayas","Research Intern","Gensyn","United States","https://himalayas.app/companies/gensyn/jobs/research-intern","semantic_filter","outside_recency_window","A vaga foi publicada em 2026-09-20, fora da janela dos últimos 7 dias."
"Himalayas","Data Science Intern (Customer Success)","Cresta","United States","https://himalayas.app/companies/cresta/jobs/data-science-intern-customer-success","semantic_filter","outside_recency_window","A vaga foi publicada em 2026-08-10, fora da janela dos últimos 7 dias."
"Himalayas","Intern, Artificial Intelligence Engineer - Part Time - Remote","Healthesystems","United States","https://himalayas.app/companies/healthesystems/jobs/intern-artificial-intelligence-engineer-part-time-remote","semantic_filter","outside_recency_window","A vaga foi publicada em 2026-09-20, fora da janela dos últimos 7 dias. 2 ocorrências consolidadas de 1 fonte(s): Himalayas."
"Himalayas","Data Scientist Intern","Ensemble Health Partners","Australia, Canada, Denmark, Germany, Ireland, Netherlands, Norway, Sweden, United Kingdom, United States","https://himalayas.app/companies/ensemble-health-partners/jobs/data-scientist-intern","semantic_filter","outside_recency_window","A vaga foi publicada em 2026-09-21, fora da janela dos últimos 7 dias. 2 ocorrências consolidadas de 1 fonte(s): Himalayas."
"Himalayas","Speech Intern-4","OneForma","United States","https://himalayas.app/companies/oneforma/jobs/speech-intern-4","semantic_filter","outside_recency_window","A vaga foi publicada em 2026-09-17, fora da janela dos últimos 7 dias."
"Himalayas","Research Intern","Ritual","Worldwide Remote","https://himalayas.app/companies/ritual-net/jobs/research-intern-1464631102","semantic_filter","outside_recency_window","A vaga foi publicada em 2026-09-18, fora da janela dos últimos 7 dias."
"Himalayas","Graduate (3-12 month) Intern - Artificial Intelligence for Power System Operatio","National Laboratory of the Rockies","United States","https://himalayas.app/companies/national-laboratory-of-the-rockies/jobs/graduate-3-12-month-intern-artificial-intelligence-for-power-system-operatio","semantic_filter","outside_recency_window","A vaga foi publicada em 2026-09-18, fora da janela dos últimos 7 dias."
"Himalayas","Junior Data Analyst","Careerswift","United States","https://himalayas.app/companies/careerswift/jobs/junior-data-analyst","semantic_filter","outside_recency_window","A vaga foi publicada em 2026-09-10, fora da janela dos últimos 7 dias."
"Himalayas","Junior Data Analyst","Calibrate","United States","https://himalayas.app/companies/calibrate/jobs/junior-data-analyst","semantic_filter","outside_recency_window","A vaga foi publicada em 2026-09-05, fora da janela dos últimos 7 dias."
"Himalayas","Junior Data Engineer","Trilogy Federal","United States","https://himalayas.app/companies/trilogy-federal/jobs/junior-data-engineer","semantic_filter","outside_recency_window","A vaga foi publicada em 2026-09-18, fora da janela dos últimos 7 dias."
"Himalayas","Junior Data Engineer / IB","Inetum","Poland","https://himalayas.app/companies/inetum/jobs/junior-data-engineer-ib","semantic_filter","outside_recency_window","A vaga foi publicada em 2026-08-23, fora da janela dos últimos 7 dias."
"Himalayas","Data Analyst – Junior / Middle","Careerswift","United States","https://himalayas.app/companies/careerswift/jobs/data-analyst-junior-middle","semantic_filter","outside_recency_window","A vaga foi publicada em 2026-08-29, fora da janela dos últimos 7 dias."
"Himalayas","Junior Data Engineer (Power BI)","Addepto","Worldwide Remote","https://himalayas.app/companies/addepto/jobs/junior-data-engineer-power-bi","semantic_filter","outside_recency_window","A vaga foi publicada em 2026-09-18, fora da janela dos últimos 7 dias."
"Himalayas","Jr Data Engineer","SmartLight Analytics","United States","https://himalayas.app/companies/smartlight-analytics/jobs/jr-data-engineer","semantic_filter","outside_recency_window","A vaga foi publicada em 2026-09-10, fora da janela dos últimos 7 dias."
"Himalayas","Junior Data & Insights Specialist","Seneca Holdings","United States","https://himalayas.app/companies/seneca-holdings/jobs/junior-data-insights-specialist","semantic_filter","outside_recency_window","A vaga foi publicada em 2026-08-10, fora da janela dos últimos 7 dias."
"Himalayas","Junior Data Engineer","Dotworld","France","https://himalayas.app/companies/dotworld/jobs/junior-data-engineer","semantic_filter","outside_recency_window","A vaga foi publicada em 2026-09-17, fora da janela dos últimos 7 dias."
"Himalayas","Junior Data Engineer","JUMO","South Africa","https://himalayas.app/companies/jumo/jobs/junior-data-engineer","semantic_filter","outside_recency_window","A vaga foi publicada em 2026-08-09, fora da janela dos últimos 7 dias."
"Himalayas","Junior Data Engineer & MarTech Specialist (Mobile Apps) English Speaking (m/w/d)","The Relevance Group","Germany","https://himalayas.app/companies/the-relevance-group/jobs/junior-data-engineer-martech-specialist-mobile-apps-english-speaking-m-w-d","semantic_filter","outside_recency_window","A vaga foi publicada em 2026-09-20, fora da janela dos últimos 7 dias."
"Himalayas","Junior Data Governance Analyst","Madiff","United States","https://himalayas.app/companies/madiff/jobs/junior-data-governance-analyst","semantic_filter","outside_recency_window","A vaga foi publicada em 2026-08-28, fora da janela dos últimos 7 dias."
"Himalayas","Junior Data Scientist - Sales & Marketing","iwoca","United Kingdom","https://himalayas.app/companies/iwoca/jobs/junior-data-scientist-sales-marketing","semantic_filter","outside_recency_window","A vaga foi publicada em 2026-09-08, fora da janela dos últimos 7 dias."
"Himalayas","Junior Marketing Data Analyst","VT Markets","China","https://himalayas.app/companies/vt-markets/jobs/junior-marketing-data-analyst","semantic_filter","excluded_non_technical","O título identifica uma função não técnica: 'Marketing'."
"Himalayas","Join the BEST, be the BEST: Junior Technical Consultant for AI-driven data captu","xSuite Solutions Inc.","United States","https://himalayas.app/companies/xsuite-solutions-inc/jobs/join-the-best-be-the-best-junior-technical-consultant-for-ai-driven-data-captu","semantic_filter","outside_recency_window","A vaga foi publicada em 2026-09-26, fora da janela dos últimos 7 dias."
"Himalayas","Accounting & Data Cleaning Intern","Abhyaz","United States","https://himalayas.app/companies/abhyaz/jobs/accounting-data-cleaning-intern","semantic_filter","unsupported_domain","O título e as tags não identificam um domínio técnico suportado."
"Himalayas","Data Analyst Intern","Portcast","India, Philippines, Singapore, Thailand, Vietnam","https://himalayas.app/companies/portcast/jobs/data-analyst-intern","semantic_filter","outside_recency_window","A vaga foi publicada em 2026-08-10, fora da janela dos últimos 7 dias."
"Himalayas","Impact Data Analytics Intern","World Vision","United States","https://himalayas.app/companies/world-vision/jobs/impact-data-analytics-intern","semantic_filter","outside_recency_window","A vaga foi publicada em 2026-09-18, fora da janela dos últimos 7 dias."
"Himalayas","Talent Acquisition Data Engineering & Analytics Graduate Intern","Solidigm","United States","https://himalayas.app/companies/solidigm-com/jobs/talent-acquisition-data-engineering-analytics-graduate-intern","semantic_filter","outside_recency_window","A vaga foi publicada em 2026-09-13, fora da janela dos últimos 7 dias."
"Himalayas","Undergrad Intern – Data Scientist – Technology, AI & Data (Summer 2027)","Lifelancer","United States","https://himalayas.app/companies/lifelancer/jobs/undergrad-intern-data-scientist-technology-ai-data-summer-2027","semantic_filter","outside_recency_window","A vaga foi publicada em 2026-09-20, fora da janela dos últimos 7 dias."
"Himalayas","Political Data Intern - Fall 2026","WeVote","United States","https://himalayas.app/companies/wevote/jobs/political-data-intern-fall-2026-1899282476","semantic_filter","outside_recency_window","A vaga foi publicada em 2026-08-23, fora da janela dos últimos 7 dias."
"Himalayas","Data Analytics & Programs Intern - Summer 2027","Veeam Software","United States","https://himalayas.app/companies/veeam-software/jobs/data-analytics-programs-intern-summer-2027","semantic_filter","outside_recency_window","A vaga foi publicada em 2026-09-13, fora da janela dos últimos 7 dias."
"Himalayas","Engineering Data Analyst-Energy Industry (Intern)","Kanadevia Inova North America","Slovakia","https://himalayas.app/companies/kanadevia-inova-north-america/jobs/engineering-data-analyst-energy-industry-intern","semantic_filter","outside_recency_window","A vaga foi publicada em 2026-09-20, fora da janela dos últimos 7 dias."
"Himalayas","Marketing Data Analyst Intern","PROJXON","United States","https://himalayas.app/companies/projxon/jobs/marketing-data-analyst-intern","semantic_filter","outside_recency_window","A vaga foi publicada em 2026-09-22, fora da janela dos últimos 7 dias."
"Himalayas","Intern - Data Scientist","Acxiom","United States","https://himalayas.app/companies/acxiom/jobs/intern-data-scientist","semantic_filter","outside_recency_window","A vaga foi publicada em 2026-09-10, fora da janela dos últimos 7 dias."
"Himalayas","Data Analyst (Intern)","Lumina","Indonesia","https://himalayas.app/companies/lumina/jobs/data-analyst-intern","semantic_filter","outside_recency_window","A vaga foi publicada em 2026-09-23, fora da janela dos últimos 7 dias."
"Himalayas","Data Science Intern - Remote","Stryker","United States","https://himalayas.app/companies/stryker/jobs/data-science-intern-remote","semantic_filter","outside_recency_window","A vaga foi publicada em 2026-09-03, fora da janela dos últimos 7 dias."
"Himalayas","Undergrad Intern – Data Scientist – Amgen’s Technology & Medical Organizations (","Amgen","United States","https://himalayas.app/companies/amgen/jobs/undergrad-intern-data-scientist-amgen-s-technology-medical-organizations","semantic_filter","outside_recency_window","A vaga foi publicada em 2026-09-14, fora da janela dos últimos 7 dias."
"Himalayas","Data Entry Intern","Weekday","India","https://himalayas.app/companies/weekday/jobs/data-entry-intern","semantic_filter","outside_recency_window","A vaga foi publicada em 2026-09-07, fora da janela dos últimos 7 dias."
"Himalayas","Software Engineering Intern (Summer 2027)","Dropbox","United States","https://himalayas.app/companies/dropbox/jobs/software-engineering-intern-summer-2027","semantic_filter","outside_recency_window","A vaga foi publicada em 2026-09-09, fora da janela dos últimos 7 dias."
"Himalayas","Software Engineering Intern - Australia","Nucleus Security","Australia","https://himalayas.app/companies/nucleus-security/jobs/software-engineering-intern-australia","semantic_filter","outside_recency_window","A vaga foi publicada em 2026-09-04, fora da janela dos últimos 7 dias."
"Himalayas","Software Engineering Intern, Spring","abridge","United States","https://himalayas.app/companies/abridge/jobs/software-engineering-intern-spring","semantic_filter","outside_recency_window","A vaga foi publicada em 2026-09-18, fora da janela dos últimos 7 dias."
"Himalayas","Software Engineering Intern","NASCO","United States","https://himalayas.app/companies/nasco/jobs/software-engineering-intern","semantic_filter","outside_recency_window","A vaga foi publicada em 2026-09-08, fora da janela dos últimos 7 dias."
"Himalayas","Software Engineer Intern","Ritual","Worldwide Remote","https://himalayas.app/companies/ritual-net/jobs/software-engineer-intern-9031169445","semantic_filter","outside_recency_window","A vaga foi publicada em 2026-09-18, fora da janela dos últimos 7 dias."
"Himalayas","Undergrad Intern – Software Engineer – Amgen’s Technology & Medical Organization","Amgen","United States","https://himalayas.app/companies/amgen/jobs/undergrad-intern-software-engineer-amgen-s-technology-medical-organization","semantic_filter","outside_recency_window","A vaga foi publicada em 2026-09-14, fora da janela dos últimos 7 dias."
"Himalayas","Software Engineer Internship - Testing, Technical Analysis, and Automation (WFH ","Seeka Technology","Malaysia","https://himalayas.app/companies/seeka-technology/jobs/software-engineer-internship-testing-technical-analysis-and-automation-wfh-5151586757","semantic_filter","outside_recency_window","A vaga foi publicada em 2026-09-18, fora da janela dos últimos 7 dias."
"Himalayas","Associate Software Engineer - Junior Intern Summer 2027","Thrivent Financial for Lutherans","United States","https://himalayas.app/companies/thrivent-financial-for-lutherans/jobs/associate-software-engineer-junior-intern-summer-2027","semantic_filter","outside_recency_window","A vaga foi publicada em 2026-09-21, fora da janela dos últimos 7 dias."
"Himalayas","Internship: Software Engineering","Asure","United States","https://himalayas.app/companies/asure/jobs/internship-software-engineering","semantic_filter","outside_recency_window","A vaga foi publicada em 2026-09-10, fora da janela dos últimos 7 dias."
"Himalayas","Intern Software Engineer - C/C++","Arista Networks","Poland","https://himalayas.app/companies/arista-networks/jobs/intern-software-engineer-c-c","semantic_filter","outside_recency_window","A vaga foi publicada em 2026-09-13, fora da janela dos últimos 7 dias."
"Himalayas","Intern Software Engineers - C/C++","Arista Networks","Poland","https://himalayas.app/companies/arista-networks/jobs/intern-software-engineers-c-c","semantic_filter","outside_recency_window","A vaga foi publicada em 2026-08-31, fora da janela dos últimos 7 dias."
"Himalayas","Remote Junior Software Engineer","Emergency University","United States","https://himalayas.app/companies/emergency-university/jobs/remote-junior-software-engineer","deduplication","duplicate","2 ocorrências do mesmo anúncio foram consolidadas; foi mantida a versão de Himalayas."
"Himalayas","Junior Software Engineer","Pavebank","Singapore","https://himalayas.app/companies/pavebank/jobs/junior-software-engineer-4285159649","semantic_filter","outside_recency_window","A vaga foi publicada em 2026-08-31, fora da janela dos últimos 7 dias."
"Himalayas","Junior Software Engineer","Xpert Development","United States","https://himalayas.app/companies/xpert-development/jobs/junior-software-engineer-8768033378","semantic_filter","outside_recency_window","A vaga foi publicada em 2026-08-12, fora da janela dos últimos 7 dias."
"Himalayas","Junior Ubuntu Software Engineer","Canonical","Worldwide Remote","https://himalayas.app/companies/canonical/jobs/junior-ubuntu-software-engineer","semantic_filter","outside_recency_window","A vaga foi publicada em 2026-08-19, fora da janela dos últimos 7 dias."
"Himalayas","Junior/ Graduate Software Engineer","8B Education Investments","United States","https://himalayas.app/companies/8b-education-investments/jobs/junior-graduate-software-engineer","semantic_filter","outside_recency_window","A vaga foi publicada em 2026-08-22, fora da janela dos últimos 7 dias. 2 ocorrências consolidadas de 1 fonte(s): Himalayas."
"Himalayas","Junior Software Engineer","Binance","Hong Kong, Singapore, Taiwan","https://himalayas.app/companies/binance/jobs/junior-software-engineer","semantic_filter","outside_recency_window","A vaga foi publicada em 2026-08-24, fora da janela dos últimos 7 dias."
"Himalayas","Junior Software Engineer","PolicyMe","Canada","https://himalayas.app/companies/policyme/jobs/junior-software-engineer","semantic_filter","outside_recency_window","A vaga foi publicada em 2026-08-31, fora da janela dos últimos 7 dias."
"Himalayas","Junior Software Developer","CSG","Brazil","https://himalayas.app/companies/csg/jobs/junior-software-developer-8270169774","deduplication","duplicate","2 ocorrências do mesmo anúncio foram consolidadas; foi mantida a versão de Himalayas."
"Himalayas","Junior Software Engineer (Turkey)","Sezzle","Turkey","https://himalayas.app/companies/sezzle/jobs/junior-software-engineer-turkey","semantic_filter","outside_recency_window","A vaga foi publicada em 2026-09-04, fora da janela dos últimos 7 dias."
"Himalayas","Software Engineer (Platform Development) – Junior","Careerswift","United States","https://himalayas.app/companies/careerswift/jobs/software-engineer-platform-development-junior","semantic_filter","outside_recency_window","A vaga foi publicada em 2026-08-07, fora da janela dos últimos 7 dias."
"Himalayas","Junior Software Engineer (Colombia)","Sezzle","Colombia","https://himalayas.app/companies/sezzle/jobs/junior-software-engineer-colombia-9801011828","semantic_filter","outside_recency_window","A vaga foi publicada em 2026-09-18, fora da janela dos últimos 7 dias."
"Himalayas","Junior Software Engineer (Chile)","Sezzle","Chile","https://himalayas.app/companies/sezzle/jobs/junior-software-engineer-chile-4021794663","semantic_filter","outside_recency_window","A vaga foi publicada em 2026-09-18, fora da janela dos últimos 7 dias."
"Himalayas","Junior Software Engineer (Mexico)","Sezzle","Mexico","https://himalayas.app/companies/sezzle/jobs/junior-software-engineer-mexico-8719448705","semantic_filter","outside_recency_window","A vaga foi publicada em 2026-09-18, fora da janela dos últimos 7 dias."
"Himalayas","Junior Software Engineer (Argentina)","Sezzle","Argentina","https://himalayas.app/companies/sezzle/jobs/junior-software-engineer-argentina-3567633657","semantic_filter","outside_recency_window","A vaga foi publicada em 2026-09-18, fora da janela dos últimos 7 dias."
"Himalayas","Junior Software Engineer","Waymark","United States","https://himalayas.app/companies/waymark/jobs/junior-software-engineer","semantic_filter","outside_recency_window","A vaga foi publicada em 2026-09-13, fora da janela dos últimos 7 dias."
"Himalayas","Junior Software Engineer (Brazil)","Sezzle","Brazil","https://himalayas.app/companies/sezzle/jobs/junior-software-engineer-brazil-390488871","semantic_filter","outside_recency_window","A vaga foi publicada em 2026-09-18, fora da janela dos últimos 7 dias."
"Himalayas","Junior Software Engineer - Cross-platform C++ - Multipass","Canonical","Australia, Canada, Germany, India, United Kingdom, United States","https://himalayas.app/companies/canonical/jobs/junior-software-engineer-cross-platform-c-multipass","semantic_filter","outside_recency_window","A vaga foi publicada em 2026-09-09, fora da janela dos últimos 7 dias."
"Himalayas","Junior Software Engineer","KGS Technology Group Inc","United States","https://himalayas.app/companies/kgs-technology-group-inc/jobs/junior-software-engineer","semantic_filter","outside_recency_window","A vaga foi publicada em 2026-09-25, fora da janela dos últimos 7 dias."
"Himalayas","Junior Software Developer","WOW Remote Teams","United States","https://himalayas.app/companies/wow-remote-teams/jobs/junior-software-developer","semantic_filter","outside_recency_window","A vaga foi publicada em 2026-08-31, fora da janela dos últimos 7 dias."
"Himalayas","Software Engineer - Python - Cloud - graduate level","Canonical","Antigua and Barbuda, Argentina, Bahamas, Barbados, Belize, Bolivia, Brazil, Canada, Chile, Colombia, Costa Rica, Cuba, Dominica, Dominican Republic, Ecuador, El Salvador, Grenada, Guatemala, Guyana, Haiti, Honduras, Jamaica, Mexico, Nicaragua, Panama, Paraguay, Peru, Saint Kitts and Nevis, Saint Lucia, Saint Vincent and the Grenadines, Suriname, Trinidad and Tobago, United States, Uruguay, Venezuela","https://himalayas.app/companies/canonical/jobs/software-engineer-python-cloud-graduate-level","semantic_filter","outside_recency_window","A vaga foi publicada em 2026-09-19, fora da janela dos últimos 7 dias."
"Himalayas","Graduate Software Engineer","Synack","United Kingdom","https://himalayas.app/companies/synack/jobs/graduate-software-engineer","semantic_filter","outside_recency_window","A vaga foi publicada em 2026-09-03, fora da janela dos últimos 7 dias."
"Himalayas","Graduate Software Engineer, Open Source and Linux, Canonical Ubuntu","Canonical","Worldwide Remote","https://himalayas.app/companies/canonical/jobs/graduate-software-engineer-open-source-and-linux-canonical-ubuntu-9826178339","semantic_filter","outside_recency_window","A vaga foi publicada em 2026-08-29, fora da janela dos últimos 7 dias."
"Himalayas","Graduate Software Engineer","Elafent","Australia","https://himalayas.app/companies/elafent/jobs/graduate-software-engineer","semantic_filter","outside_recency_window","A vaga foi publicada em 2026-09-21, fora da janela dos últimos 7 dias."
"Himalayas","Full-Stack Software Engineer (New graduates: Canada)","Wanderlog","United States","https://himalayas.app/companies/wanderlog/jobs/full-stack-software-engineer-new-graduates-canada","semantic_filter","outside_recency_window","A vaga foi publicada em 2026-09-24, fora da janela dos últimos 7 dias."
"Himalayas","Full-Stack Software Engineer (New graduates: United States)","Wanderlog","United States","https://himalayas.app/companies/wanderlog/jobs/full-stack-software-engineer-new-graduates-united-states-974988927","semantic_filter","outside_recency_window","A vaga foi publicada em 2026-09-23, fora da janela dos últimos 7 dias."
"Himalayas","AI Engineer-Anthropic-University/Graduate Level - Netherlands/Western Europe","NewRocket","Austria, Belgium, France, Germany, Liechtenstein, Luxembourg, Monaco, Netherlands, Switzerland","https://himalayas.app/companies/newrocket/jobs/ai-engineer-anthropic-university-graduate-level-netherlands-western-europe","semantic_filter","outside_recency_window","A vaga foi publicada em 2026-08-30, fora da janela dos últimos 7 dias."
"Himalayas","CyberSecurity Operations Engineer (Graduate Considered)","RedTech Recruitment Ltd.","United States","https://himalayas.app/companies/redtech-recruitment-ltd/jobs/cybersecurity-operations-engineer-graduate-considered-2660299936","semantic_filter","outside_recency_window","A vaga foi publicada em 2026-08-22, fora da janela dos últimos 7 dias."
"Himalayas","AI Engineer-Anthropic-University/Graduate Level - UK","NewRocket","United Kingdom","https://himalayas.app/companies/newrocket/jobs/ai-engineer-anthropic-university-graduate-level-uk","semantic_filter","outside_recency_window","A vaga foi publicada em 2026-08-30, fora da janela dos últimos 7 dias."
"Himalayas","FAST - 2026","Cowlar Design Studio","United States","https://himalayas.app/companies/cowlar-design-studio/jobs/fast-2026","semantic_filter","outside_recency_window","A vaga foi publicada em 2026-09-12, fora da janela dos últimos 7 dias."
"Himalayas","Trainee","Nagarro","United States","https://himalayas.app/companies/nagarro/jobs/trainee-5433693488","semantic_filter","unsupported_domain","O título e as tags não identificam um domínio técnico suportado."
"Himalayas","Trainee","Nagarro","United Arab Emirates","https://himalayas.app/companies/nagarro/jobs/trainee","semantic_filter","unsupported_domain","O título e as tags não identificam um domínio técnico suportado."
"Himalayas","Entry-Level Accountant","Hireframe","Philippines","https://himalayas.app/companies/hireframe/jobs/entry-level-accountant","semantic_filter","outside_recency_window","A vaga foi publicada em 2026-09-06, fora da janela dos últimos 7 dias."
"Himalayas","Accounting Data Entry (Lumber Company)","Slash Staffing","United States","https://himalayas.app/companies/slash-staffing/jobs/accounting-data-entry-lumber-company","semantic_filter","outside_recency_window","A vaga foi publicada em 2026-08-08, fora da janela dos últimos 7 dias."
"Himalayas","Accounts Payable Assistant (Entry Level)","Invicta Software","United States","https://himalayas.app/companies/invicta-software/jobs/accounts-payable-assistant-entry-level-7248493723","semantic_filter","unsupported_domain","O título e as tags não identificam um domínio técnico suportado."
"Himalayas","Software Developer (Entry-level)","DecisionPoint Corporation","United States","https://himalayas.app/companies/decisionpoint-corporation/jobs/software-developer-entry-level-5806525606","semantic_filter","outside_recency_window","A vaga foi publicada em 2026-09-17, fora da janela dos últimos 7 dias."
"Himalayas","Interns/Entry-Level Resources - Cybersecurity and Technology Services","MasonBlue","United States","https://himalayas.app/companies/masonblue/jobs/interns-entry-level-resources-cybersecurity-and-technology-services","deduplication","duplicate","2 ocorrências do mesmo anúncio foram consolidadas; foi mantida a versão de Himalayas."
"Himalayas","Entry Level QA","Technimates","United States","https://himalayas.app/companies/technimates/jobs/entry-level-qa","semantic_filter","outside_recency_window","A vaga foi publicada em 2026-08-08, fora da janela dos últimos 7 dias."
"Himalayas","Associate Consultant - Entry-Level Technology Consulting","Lifelancer","United States","https://himalayas.app/companies/lifelancer/jobs/associate-consultant-entry-level-technology-consulting-5275963957","semantic_filter","unsupported_domain","O título e as tags não identificam um domínio técnico suportado."
"Himalayas","Content Research (entry level)","Intetics","Moldova","https://himalayas.app/companies/intetics/jobs/content-research-entry-level","semantic_filter","outside_recency_window","A vaga foi publicada em 2026-09-22, fora da janela dos últimos 7 dias."
"Himalayas","Entry-Level Browser Tester","TSMG","Poland","https://himalayas.app/companies/tsmg/jobs/entry-level-browser-tester-917583261","semantic_filter","outside_recency_window","A vaga foi publicada em 2026-09-21, fora da janela dos últimos 7 dias."
"Himalayas","Entry-Level Medical Billing","Rooted Talent Solutions","United States","https://himalayas.app/companies/rooted-talent-solutions/jobs/entry-level-medical-billing","semantic_filter","outside_recency_window","A vaga foi publicada em 2026-09-11, fora da janela dos últimos 7 dias."
"Himalayas","Entry-Level Digital Solutions Business Analyst","AECOM","United States","https://himalayas.app/companies/aecom/jobs/entry-level-digital-solutions-business-analyst","semantic_filter","excluded_non_technical","O título identifica uma função não técnica: 'Business Analyst'."
"Himalayas","AutoCAD Drafter (Entry Level)","NightOwl Consulting","Worldwide Remote","https://himalayas.app/companies/nightowl-consulting/jobs/autocad-drafter-entry-level","semantic_filter","outside_recency_window","A vaga foi publicada em 2026-09-01, fora da janela dos últimos 7 dias."
"Himalayas","Software Engineer I","Candescent","Serbia","https://himalayas.app/companies/candescent/jobs/software-engineer-i","semantic_filter","outside_recency_window","A vaga foi publicada em 2026-09-14, fora da janela dos últimos 7 dias."
"Himalayas","Software Engineer [New Grads Welcome]","Mechanical Orchard","Canada","https://himalayas.app/companies/mechanical-orchard/jobs/software-engineer-new-grads-welcome-6029302177","semantic_filter","outside_recency_window","A vaga foi publicada em 2026-09-18, fora da janela dos últimos 7 dias."
"Himalayas","Junior Software Sales Representative – UK (f/m/d)","SecurityBridge","Germany","https://himalayas.app/companies/securitybridge/jobs/junior-software-sales-representative-uk-f-m-d","semantic_filter","excluded_non_technical","O título identifica uma função não técnica: 'Sales'."
"Himalayas","GPSU Cybersecurity Spring Internship","GuidePoint Security LLC","United States","https://himalayas.app/companies/guidepoint-security-llc/jobs/gpsu-cybersecurity-spring-internship","semantic_filter","outside_recency_window","A vaga foi publicada em 2026-09-01, fora da janela dos últimos 7 dias."
"Himalayas","DoD SkillBridge - IT/Cybersecurity SkillBridge Internship​","Vets2PM","United States","https://himalayas.app/companies/vets2pm/jobs/dod-skillbridge-it-cybersecurity-skillbridge-internship","semantic_filter","outside_recency_window","A vaga foi publicada em 2026-09-05, fora da janela dos últimos 7 dias."
"Himalayas","Cybersecurity Analyst (Volunteer, Unpaid)","Greater IMPACT Church","United States","https://himalayas.app/companies/greater-impact-church/jobs/cybersecurity-analyst-volunteer-unpaid","semantic_filter","outside_recency_window","A vaga foi publicada em 2026-08-08, fora da janela dos últimos 7 dias."
"Himalayas","Off-Cycle Fall 2026 Cybersecurity Internship","Galaxy","United Kingdom, United States","https://himalayas.app/companies/galaxy/jobs/off-cycle-fall-2026-cybersecurity-internship","semantic_filter","outside_recency_window","A vaga foi publicada em 2026-08-30, fora da janela dos últimos 7 dias."
"Himalayas","Cybersecurity Research Assistant","Axle Informatics","United States","https://himalayas.app/companies/axle-informatics/jobs/cybersecurity-research-assistant","semantic_filter","outside_recency_window","A vaga foi publicada em 2026-08-31, fora da janela dos últimos 7 dias."
"Himalayas","Intern - Threat Intelligence (NATSEC)","Palo Alto Networks","United States","https://himalayas.app/companies/palo-alto-networks/jobs/intern-threat-intelligence-natsec","semantic_filter","outside_recency_window","A vaga foi publicada em 2026-09-18, fora da janela dos últimos 7 dias."
"Himalayas","Virginia Tech | Compliance Advisory - 2027 Summer Internship","Coalfire","United States","https://himalayas.app/companies/coalfire/jobs/virginia-tech-compliance-advisory-2027-summer-internship","semantic_filter","outside_recency_window","A vaga foi publicada em 2026-09-13, fora da janela dos últimos 7 dias."
"Himalayas","Vanderbilt University | Compliance Advisory - 2027 Summer Internship","Coalfire","United States","https://himalayas.app/companies/coalfire/jobs/vanderbilt-university-compliance-advisory-2027-summer-internship","semantic_filter","outside_recency_window","A vaga foi publicada em 2026-09-10, fora da janela dos últimos 7 dias."
"Himalayas","Research Assistant - Software Security & Program Analysis (anywhere in Germany) ","Fraunhofer-Gesellschaft","Germany","https://himalayas.app/companies/fraunhofer-gesellschaft/jobs/research-assistant-software-security-program-analysis-anywhere-in-germany","semantic_filter","outside_recency_window","A vaga foi publicada em 2026-09-19, fora da janela dos últimos 7 dias."
"Jobicy","Anaplan Support Analyst","Monzo","UK","https://jobicy.com/jobs/152494-anaplan-support-analyst","semantic_filter","excluded_seniority","A metadata de senioridade contém um nível claramente sénior: 'Senior'. 2 ocorrências consolidadas de 1 fonte(s): Jobicy."
"Jobicy","Staff Quality Engineer","StackAdapt","Canada,  USA","https://jobicy.com/jobs/152402-staff-quality-engineer","semantic_filter","excluded_seniority","O título contém um nível claramente sénior: 'Staff'. 4 ocorrências consolidadas de 1 fonte(s): Jobicy."
"Jobicy","Audit Planning & Risk Coverage Expert (Director/Analyst, Remote United States)","Gartner","USA","https://jobicy.com/jobs/144636-audit-planning-risk-coverage-expert-director-analyst-remote-united-states","semantic_filter","excluded_seniority","O título contém um nível claramente sénior: 'Director'."
"Jobicy","AI/ML Engineering Manager","Caylent","Argentina","https://jobicy.com/jobs/152435-ai-ml-engineering-manager","semantic_filter","excluded_seniority","A metadata de senioridade contém um nível claramente sénior: 'Director'. 2 ocorrências consolidadas de 1 fonte(s): Jobicy."
"Jobicy","Post-producer (Freelance)","Monks","Mexico","https://jobicy.com/jobs/154484-post-producer-freelance","semantic_filter","excluded_seniority","A metadata de senioridade contém um nível claramente sénior: 'Senior'."
"Jobicy","Software Engineer II - Database Engineering","Salesloft","Mexico","https://jobicy.com/jobs/154462-software-engineer-ii-database-engineering","semantic_filter","excluded_seniority","O título contém um nível claramente sénior: 'Engineer II'. 2 ocorrências consolidadas de 1 fonte(s): Jobicy."
"Jobicy","Sr. Customer Success Manager","Salesloft","USA","https://jobicy.com/jobs/154465-sr-customer-success-manager","semantic_filter","excluded_seniority","O título contém um nível claramente sénior: 'Sr'."
"Jobicy","Staff Product Engineer - Americas","Ashby","USA","https://jobicy.com/jobs/154458-staff-product-engineer-americas","semantic_filter","excluded_seniority","O título contém um nível claramente sénior: 'Staff'. 2 ocorrências consolidadas de 1 fonte(s): Jobicy."
"Jobicy","Staff Design Engineer - Canada","Ashby","Canada","https://jobicy.com/jobs/154455-staff-design-engineer-canada","semantic_filter","excluded_seniority","O título contém um nível claramente sénior: 'Staff'. 2 ocorrências consolidadas de 1 fonte(s): Jobicy."
"Jobicy","People Operations Coordinator","Ashby","USA","https://jobicy.com/jobs/154451-people-operations-coordinator","semantic_filter","excluded_non_technical","O título identifica uma função não técnica: 'People Operations'."
"Jobicy","CEO Communications Director","Twilio","USA","https://jobicy.com/jobs/154449-ceo-communications-director","semantic_filter","excluded_seniority","O título contém um nível claramente sénior: 'Director'."
"Jobicy","Carrier Deal Desk Manager","Twilio","USA","https://jobicy.com/jobs/154445-carrier-deal-desk-manager","semantic_filter","excluded_seniority","A metadata de senioridade contém um nível claramente sénior: 'Director'."
"Jobicy","Account Executive 3","Twilio","USA","https://jobicy.com/jobs/154440-account-executive-3-2","semantic_filter","excluded_non_technical","O título identifica uma função não técnica: 'Account Executive'. 2 ocorrências consolidadas de 1 fonte(s): Jobicy."
"Jobicy","Senior Software Engineer, Storage","Reddit","USA","https://jobicy.com/jobs/148143-senior-software-engineer-storage","semantic_filter","excluded_seniority","O título contém um nível claramente sénior: 'Senior'. 3 ocorrências consolidadas de 1 fonte(s): Jobicy."
"Jobicy","Client Onboarding Specialist","Housecall Pro","Mexico","https://jobicy.com/jobs/152374-client-onboarding-specialist","semantic_filter","unsupported_domain","O título e as tags não identificam um domínio técnico suportado."
"Jobicy","Manager, Retail Partnerships","ANGI","USA","https://jobicy.com/jobs/150789-manager-retail-partnerships","semantic_filter","excluded_seniority","A metadata de senioridade contém um nível claramente sénior: 'Senior'."
"Jobicy","SaaS Onboarding Specialist","Housecall Pro","Mexico","https://jobicy.com/jobs/152379-saas-onboarding-specialist","semantic_filter","unsupported_domain","O título e as tags não identificam um domínio técnico suportado."
"Jobicy","Senior Developer (Windows), Product Security","1Password","Canada,  USA","https://jobicy.com/jobs/154432-senior-developer-windows-product-security","semantic_filter","excluded_seniority","O título contém um nível claramente sénior: 'Senior'. 3 ocorrências consolidadas de 1 fonte(s): Jobicy."
"Jobicy","Senior Channel Account Manager","1Password","USA","https://jobicy.com/jobs/154434-senior-channel-account-manager-2","semantic_filter","excluded_seniority","O título contém um nível claramente sénior: 'Senior'. 3 ocorrências consolidadas de 1 fonte(s): Jobicy."
"Jobicy","Senior Developer, Growth","1Password","Canada,  USA","https://jobicy.com/jobs/154428-senior-developer-growth","semantic_filter","excluded_seniority","O título contém um nível claramente sénior: 'Senior'. 3 ocorrências consolidadas de 1 fonte(s): Jobicy."
"Jobicy","Quality Engineer","StackAdapt","Canada","https://jobicy.com/jobs/152330-quality-engineer-2","semantic_filter","missing_entry_level_signal","Não foi encontrado um sinal entry-level explícito no título, na senioridade ou na descrição."
"Jobicy","Senior QA Engineer","Caylent","USA","https://jobicy.com/jobs/152325-senior-qa-engineer-2","semantic_filter","excluded_seniority","O título contém um nível claramente sénior: 'Senior'."
"Jobicy","Bilingual French - Remote Roadside Assistance Agent (Part Time)","U-Haul","USA","https://jobicy.com/jobs/148423-bilingual-french-remote-roadside-assistance-agent-part-time","semantic_filter","unsupported_domain","O título e as tags não identificam um domínio técnico suportado."
"Jobicy","Senior Manager, Large Pro","ANGI","USA","https://jobicy.com/jobs/154374-senior-manager-large-pro","semantic_filter","excluded_seniority","O título contém um nível claramente sénior: 'Senior'."
"Jobicy","Director, Product Management, Identity","Huntress","USA","https://jobicy.com/jobs/154364-director-product-management-identity","semantic_filter","excluded_seniority","O título contém um nível claramente sénior: 'Director'. 2 ocorrências consolidadas de 1 fonte(s): Jobicy."
"Jobicy","Director, Engineering - Platform","Huntress","USA","https://jobicy.com/jobs/154361-director-engineering-platform","semantic_filter","excluded_seniority","O título contém um nível claramente sénior: 'Director'. 2 ocorrências consolidadas de 1 fonte(s): Jobicy."
"Jobicy","Account Director, Government","OpenAI","Australia","https://jobicy.com/jobs/154319-account-director-government","semantic_filter","excluded_seniority","O título contém um nível claramente sénior: 'Director'. 2 ocorrências consolidadas de 1 fonte(s): Jobicy."
"Jobicy","Senior Commercial Deal Desk Analyst","1Password","UK","https://jobicy.com/jobs/154306-senior-commercial-deal-desk-analyst","semantic_filter","excluded_seniority","O título contém um nível claramente sénior: 'Senior'. 3 ocorrências consolidadas de 1 fonte(s): Jobicy."
"Jobicy","Account Executive SMB (German)","1Password","UK","https://jobicy.com/jobs/154304-account-executive-smb-german","semantic_filter","excluded_non_technical","O título identifica uma função não técnica: 'Account Executive'. 3 ocorrências consolidadas de 1 fonte(s): Jobicy."
"Jobicy","Account Executive Enterprise DACH","1Password","Germany","https://jobicy.com/jobs/154302-account-executive-enterprise-dach","semantic_filter","excluded_non_technical","O título identifica uma função não técnica: 'Account Executive'. 3 ocorrências consolidadas de 1 fonte(s): Jobicy."
"Jobicy","Senior Customer Success Manager","1Password","UK","https://jobicy.com/jobs/154308-senior-customer-success-manager-17","semantic_filter","excluded_seniority","O título contém um nível claramente sénior: 'Senior'. 3 ocorrências consolidadas de 1 fonte(s): Jobicy."
"Jobicy","Staff Product Security Engineer","Reddit","USA","https://jobicy.com/jobs/152256-staff-product-security-engineer","semantic_filter","excluded_seniority","O título contém um nível claramente sénior: 'Staff'."
"Jobicy","Software Engineer, Content Platform","Reddit","USA","https://jobicy.com/jobs/152261-software-engineer-content-platform","semantic_filter","missing_entry_level_signal","Não foi encontrado um sinal entry-level explícito no título, na senioridade ou na descrição."
"Jobicy","Full Stack Engineer (Enterprise)","Roboflow","USA","https://jobicy.com/jobs/152220-full-stack-engineer-enterprise","semantic_filter","excluded_seniority","A metadata de senioridade contém um nível claramente sénior: 'Senior'. 2 ocorrências consolidadas de 1 fonte(s): Jobicy."
"Jobicy","Machine Learning Engineer - Inference Maintainer & Developer Experience","Roboflow","USA","https://jobicy.com/jobs/152204-machine-learning-engineer-inference-maintainer-developer-experience","semantic_filter","missing_entry_level_signal","Não foi encontrado um sinal entry-level explícito no título, na senioridade ou na descrição. 2 ocorrências consolidadas de 1 fonte(s): Jobicy."
"Jobicy","Senior Presales Engineer","Twilio","Mexico","https://jobicy.com/jobs/152199-senior-presales-engineer","semantic_filter","excluded_seniority","O título contém um nível claramente sénior: 'Senior'."
"Jobicy","Partner Success Manager","Matic","USA","https://jobicy.com/jobs/152226-partner-success-manager","semantic_filter","excluded_seniority","A metadata de senioridade contém um nível claramente sénior: 'Senior'."
"Jobicy","Principal Product Manager","ClickUp","USA","https://jobicy.com/jobs/152167-principal-product-manager","semantic_filter","excluded_seniority","O título contém um nível claramente sénior: 'Principal'. 2 ocorrências consolidadas de 1 fonte(s): Jobicy."
"Jobicy","Implementation Engineer","Roboflow","USA","https://jobicy.com/jobs/152223-implementation-engineer-3","semantic_filter","missing_entry_level_signal","Não foi encontrado um sinal entry-level explícito no título, na senioridade ou na descrição. 2 ocorrências consolidadas de 1 fonte(s): Jobicy."
"Jobicy","Professional Services Engineer","BigID","USA","https://jobicy.com/jobs/152173-professional-services-engineer","semantic_filter","excluded_seniority","A metadata de senioridade contém um nível claramente sénior: 'Director'. 3 ocorrências consolidadas de 1 fonte(s): Jobicy."
"Jobicy","Senior Product Manager (Creatives)","StackAdapt","Canada,  USA","https://jobicy.com/jobs/147860-senior-product-manager-creatives","semantic_filter","excluded_seniority","O título contém um nível claramente sénior: 'Senior'."
"Jobicy","Performance Media Specialist","Monks","Brazil","https://jobicy.com/jobs/154272-performance-media-specialist","semantic_filter","missing_entry_level_signal","Não foi encontrado um sinal entry-level explícito no título, na senioridade ou na descrição."
"Jobicy","[Campus Monks] Banco de Talentos - Estágio em Mídias de Perfomance","Monks","Brazil","https://jobicy.com/jobs/154263-campus-monks-banco-de-talentos-estagio-em-midias-de-perfomance","semantic_filter","unsupported_domain","O título e as tags não identificam um domínio técnico suportado."
"Jobicy","Software Engineer, Infrastructure Security","OpenAI","USA","https://jobicy.com/jobs/152102-software-engineer-infrastructure-security","semantic_filter","excluded_seniority","A metadata de senioridade contém um nível claramente sénior: 'Senior'."
"Jobicy","Sales Engineer","Forma.ai","Canada,  USA","https://jobicy.com/jobs/152098-sales-engineer-4","semantic_filter","excluded_non_technical","O título identifica uma função não técnica: 'Sales'."
"Jobicy","Manager, Site Reliability Engineering (Auth0)","Okta","USA","https://jobicy.com/jobs/152068-manager-site-reliability-engineering-auth0","semantic_filter","excluded_seniority","A metadata de senioridade contém um nível claramente sénior: 'Senior'. 2 ocorrências consolidadas de 1 fonte(s): Jobicy."
"Jobicy","Senior AI Engineer","Banyan Software","Netherlands","https://jobicy.com/jobs/154223-senior-ai-engineer-8","semantic_filter","excluded_seniority","O título contém um nível claramente sénior: 'Senior'."
"Jobicy","Sales Lead","Banyan Software","Netherlands,  UK","https://jobicy.com/jobs/154218-sales-lead-2","semantic_filter","excluded_seniority","O título contém um nível claramente sénior: 'Lead'."
"Jobicy","Licensed Insurance Agent (Customer Service)","Matic","USA","https://jobicy.com/jobs/154216-licensed-insurance-agent-customer-service","semantic_filter","missing_entry_level_signal","Não foi encontrado um sinal entry-level explícito no título, na senioridade ou na descrição."
"Jobicy","Payment Operations Specialist, Technical Operations","FastSpring","USA","https://jobicy.com/jobs/154217-payment-operations-specialist-technical-operations","semantic_filter","excluded_seniority","A metadata de senioridade contém um nível claramente sénior: 'Senior'."
"Jobicy","Costpoint Cognos Report Writer and General Ledger Business Analyst","ManTech","USA","https://jobicy.com/jobs/149012-costpoint-cognos-report-writer-and-general-ledger-business-analyst","semantic_filter","excluded_non_technical","O título identifica uma função não técnica: 'Business Analyst'. 4 ocorrências consolidadas de 1 fonte(s): Jobicy."
"Jobicy","Staff Machine Learning Engineer","Bayesian Health","USA","https://jobicy.com/jobs/152429-staff-machine-learning-engineer-2","semantic_filter","excluded_seniority","O título contém um nível claramente sénior: 'Staff'. 2 ocorrências consolidadas de 1 fonte(s): Jobicy."
"Jobicy","Software Engineer, AI/ML Infrastructure","Thumbtack","Canada","https://jobicy.com/jobs/152419-software-engineer-ai-ml-infrastructure","semantic_filter","excluded_seniority","A metadata de senioridade contém um nível claramente sénior: 'Senior'. 2 ocorrências consolidadas de 1 fonte(s): Jobicy."
"Jobicy","Analytics Lead, Deposit Fraud Risk","Affirm","USA","https://jobicy.com/jobs/154482-analytics-lead-deposit-fraud-risk","semantic_filter","excluded_seniority","O título contém um nível claramente sénior: 'Lead'."
"Jobicy","Data Scientist - Music Mission","Spotify","USA","https://jobicy.com/jobs/154472-data-scientist-music-mission","semantic_filter","excluded_seniority","A metadata de senioridade contém um nível claramente sénior: 'Senior'. 2 ocorrências consolidadas de 1 fonte(s): Jobicy."
"Jobicy","Senior Backend Engineer - Workforce Verification","Socure","USA","https://jobicy.com/jobs/154446-senior-backend-engineer-workforce-verification","semantic_filter","excluded_seniority","O título contém um nível claramente sénior: 'Senior'. 2 ocorrências consolidadas de 1 fonte(s): Jobicy."
"Jobicy","Pre-Sales Solution Consultant, Big Tech/AI","Socure","USA","https://jobicy.com/jobs/154441-pre-sales-solution-consultant-big-tech-ai","semantic_filter","excluded_non_technical","O título identifica uma função não técnica: 'Sales'. 3 ocorrências consolidadas de 1 fonte(s): Jobicy."
"Jobicy","Framework Software Engineer","ExtraHop","USA","https://jobicy.com/jobs/152395-framework-software-engineer","semantic_filter","excluded_seniority","A metadata de senioridade contém um nível claramente sénior: 'Senior'. 3 ocorrências consolidadas de 1 fonte(s): Jobicy."
"Jobicy","Onboarding Project Manager","Cloudbeds","Europe","https://jobicy.com/jobs/144915-onboarding-project-manager","semantic_filter","excluded_non_technical","O título identifica uma função não técnica: 'Project Manager'."
"Jobicy","Partner Success Manager (EMEA)","Litmus","Germany","https://jobicy.com/jobs/152394-partner-success-manager-emea","semantic_filter","excluded_seniority","A metadata de senioridade contém um nível claramente sénior: 'Director'."
"Jobicy","Major Accounts Manager","RStudio","USA","https://jobicy.com/jobs/152376-major-accounts-manager","semantic_filter","excluded_seniority","A metadata de senioridade contém um nível claramente sénior: 'Senior'. 2 ocorrências consolidadas de 1 fonte(s): Jobicy."
"Jobicy","Customer Success Engineer, Australia","ExtraHop","Australia","https://jobicy.com/jobs/152391-customer-success-engineer-australia","semantic_filter","excluded_seniority","A metadata de senioridade contém um nível claramente sénior: 'Senior'. 2 ocorrências consolidadas de 1 fonte(s): Jobicy."
"Jobicy","Sales Engineer","Litmus","Germany","https://jobicy.com/jobs/152389-sales-engineer-5","semantic_filter","excluded_non_technical","O título identifica uma função não técnica: 'Sales'. 2 ocorrências consolidadas de 1 fonte(s): Jobicy."
"Jobicy","Software Architect - Containers / Virtualisation","Canonical","EMEA,  LATAM,  Canada,  USA","https://jobicy.com/jobs/149981-software-architect-containers-virtualisation","semantic_filter","excluded_seniority","A metadata de senioridade contém um nível claramente sénior: 'Senior'."
"Jobicy","Senior Data Scientist (German-speaking)","Dataiku","Germany","https://jobicy.com/jobs/154424-senior-data-scientist-german-speaking","semantic_filter","excluded_seniority","O título contém um nível claramente sénior: 'Senior'."
"Jobicy","Motion Designer / Video Editor — Apprenticeship (1 or 2 years)","Dataiku","France","https://jobicy.com/jobs/154420-motion-designer-video-editor-apprenticeship-1-or-2-years","semantic_filter","excluded_seniority","A metadata de senioridade contém um nível claramente sénior: 'Senior'."
"Jobicy","Backend Engineer - Music","Spotify","USA","https://jobicy.com/jobs/154382-backend-engineer-music","semantic_filter","missing_entry_level_signal","Não foi encontrado um sinal entry-level explícito no título, na senioridade ou na descrição."
"Jobicy","CoLM 2026 — Intern","Spotify","Sweden,  UK,  USA","https://jobicy.com/jobs/154386-colm-2026-intern","semantic_filter","unsupported_domain","O título e as tags não identificam um domínio técnico suportado."
"Jobicy","Principal Data Scientist - Consumer","Gopuff","USA","https://jobicy.com/jobs/154383-principal-data-scientist-consumer","semantic_filter","excluded_seniority","O título contém um nível claramente sénior: 'Principal'."
"Jobicy","CoLM 2026 — Full Time","Spotify","Sweden,  UK,  USA","https://jobicy.com/jobs/154384-colm-2026-full-time","semantic_filter","missing_entry_level_signal","Não foi encontrado um sinal entry-level explícito no título, na senioridade ou na descrição."
"Jobicy","Customer Recovery Team - Manager","Cloudbeds","LATAM,  Canada,  USA","https://jobicy.com/jobs/154334-customer-recovery-team-manager","semantic_filter","excluded_seniority","A metadata de senioridade contém um nível claramente sénior: 'Director'."
"Jobicy","Research Staff, Voice AI Foundations","Deepgram","USA","https://jobicy.com/jobs/152219-research-staff-voice-ai-foundations","semantic_filter","excluded_seniority","O título contém um nível claramente sénior: 'Staff'."
"Jobicy","Manager, Global Talent Acquisition","Cloudbeds","LATAM,  Europe,  USA","https://jobicy.com/jobs/152159-manager-global-talent-acquisition","semantic_filter","excluded_non_technical","O título identifica uma função não técnica: 'Talent Acquisition'."
"Jobicy","Senior Data Scientist","Customer.io","LATAM,  Canada,  USA","https://jobicy.com/jobs/144856-senior-data-scientist-4","semantic_filter","excluded_seniority","O título contém um nível claramente sénior: 'Senior'."
"Jobicy","Chief Technology Officer","saas.group","Europe","https://jobicy.com/jobs/154291-chief-technology-officer-4","semantic_filter","excluded_seniority","A metadata de senioridade contém um nível claramente sénior: 'Director'."
"Jobicy","AI Architect, Finance","ShopFully","Italy,  Spain","https://jobicy.com/jobs/154278-ai-architect-finance","semantic_filter","excluded_seniority","A metadata de senioridade contém um nível claramente sénior: 'Director'."
"Jobicy","Data Scientist II","Signifyd","UK","https://jobicy.com/jobs/154273-data-scientist-ii","semantic_filter","excluded_seniority","A metadata de senioridade contém um nível claramente sénior: 'Senior'."
"Jobicy","Senior Staff Software Engineer, Serving","Liftoff","USA","https://jobicy.com/jobs/154260-senior-staff-software-engineer-serving","semantic_filter","excluded_seniority","O título contém um nível claramente sénior: 'Senior'."
"Jobicy","Software Engineer New Grad, Machine Learning Platform - Quora","Quora","Canada,  UK,  USA","https://jobicy.com/jobs/154244-software-engineer-new-grad-machine-learning-platform-quora","semantic_filter","excluded_seniority","A metadata de senioridade contém um nível claramente sénior: 'Senior'."
"Jobicy","Software Engineer, Agentic AI","Invisible Technologies","Brazil","https://jobicy.com/jobs/154246-software-engineer-agentic-ai","semantic_filter","excluded_seniority","A metadata de senioridade contém um nível claramente sénior: 'Senior'."
"Jobicy","Director I, Data Science, Enterprise Data & Data Science","Liberty Mutual","USA","https://jobicy.com/jobs/148333-director-i-data-science-enterprise-data-data-science","semantic_filter","excluded_seniority","O título contém um nível claramente sénior: 'Director'."
"Jobicy","Data Scientist, Analytics (Technical Leadership)","Meta","USA","https://jobicy.com/jobs/141971-data-scientist-analytics-technical-leadership","semantic_filter","excluded_seniority","A metadata de senioridade contém um nível claramente sénior: 'Senior'."
"Jobicy","Junior SAP Integration Developer","ManTech","USA","https://jobicy.com/jobs/142310-junior-sap-integration-developer","deduplication","duplicate","2 ocorrências do mesmo anúncio foram consolidadas; foi mantida a versão de Jobicy."
"Jobicy","(Canada) Principal ML System Engineer","PointClickCare","Canada","https://jobicy.com/jobs/154222-canada-principal-ml-system-engineer","semantic_filter","excluded_seniority","O título contém um nível claramente sénior: 'Principal'."
"Jobicy","Solutions Architect for Automotive","Canonical","Anywhere","https://jobicy.com/jobs/154514-solutions-architect-for-automotive","semantic_filter","missing_entry_level_signal","Não foi encontrado um sinal entry-level explícito no título, na senioridade ou na descrição. 3 ocorrências consolidadas de 1 fonte(s): Jobicy."
"Jobicy","Open Source Enterprise Sales Manager - North America","Canonical","LATAM,  Canada,  USA","https://jobicy.com/jobs/154513-open-source-enterprise-sales-manager-north-america","semantic_filter","excluded_non_technical","O título identifica uma função não técnica: 'Sales'. 3 ocorrências consolidadas de 1 fonte(s): Jobicy."
"Jobicy","Open Source Enterprise Sales / Alliances","Canonical","Anywhere","https://jobicy.com/jobs/154506-open-source-enterprise-sales-alliances","semantic_filter","excluded_non_technical","O título identifica uma função não técnica: 'Sales'. 3 ocorrências consolidadas de 1 fonte(s): Jobicy."
"Jobicy","Executive Assistant / Corporate Administrator","Canonical","EMEA","https://jobicy.com/jobs/154489-executive-assistant-corporate-administrator-2","semantic_filter","excluded_seniority","A metadata de senioridade contém um nível claramente sénior: 'Director'. 3 ocorrências consolidadas de 1 fonte(s): Jobicy."
"Jobicy","Software Engineer I, Agentic Platform EMEA (Poland, Remote, B2B)","Samsara","Poland","https://jobicy.com/jobs/154346-software-engineer-i-agentic-platform-emea-poland-remote-b2b","deduplication","duplicate","3 ocorrências do mesmo anúncio foram consolidadas; foi mantida a versão de Jobicy."
"Jobicy","Head of AEO & SEO","Stripe","Canada,  USA","https://jobicy.com/jobs/152487-head-of-aeo-seo","semantic_filter","excluded_seniority","O título contém um nível claramente sénior: 'Head of'. 3 ocorrências consolidadas de 1 fonte(s): Jobicy."
"Jobicy","Associate Product Operations Manager","Best Egg","USA","https://jobicy.com/jobs/151180-associate-product-operations-manager","semantic_filter","excluded_non_technical","O título identifica uma função não técnica: 'Operations Manager'. 3 ocorrências consolidadas de 1 fonte(s): Jobicy."
"Jobicy","Marketing Data Scientist","Vonage","Mexico","https://jobicy.com/jobs/152472-marketing-data-scientist","semantic_filter","excluded_non_technical","O título identifica uma função não técnica: 'Marketing'. 2 ocorrências consolidadas de 1 fonte(s): Jobicy."
"Jobicy","L1 Hosting Tech Support Agent","LevelUp","Philippines","https://jobicy.com/jobs/152460-l1-hosting-tech-support-agent","semantic_filter","excluded_seniority","A metadata de senioridade contém um nível claramente sénior: 'Senior'. 2 ocorrências consolidadas de 1 fonte(s): Jobicy."
"Jobicy","Principal Product Manager (Omnichannel CX)","Nextiva","USA","https://jobicy.com/jobs/152461-principal-product-manager-omnichannel-cx","semantic_filter","excluded_seniority","O título contém um nível claramente sénior: 'Principal'. 2 ocorrências consolidadas de 1 fonte(s): Jobicy."
"Jobicy","SDET II, tvScientific","Pinterest","USA","https://jobicy.com/jobs/152404-sdet-ii-tvscientific","semantic_filter","unsupported_domain","O título e as tags não identificam um domínio técnico suportado. 2 ocorrências consolidadas de 1 fonte(s): Jobicy."
"Jobicy","Software Engineer","Dune","Europe,  USA","https://jobicy.com/jobs/152431-software-engineer-9","deduplication","duplicate","2 ocorrências do mesmo anúncio foram consolidadas; foi mantida a versão de Jobicy."
"Jobicy","Sr. Manager, Success Operations","Thumbtack","USA","https://jobicy.com/jobs/152413-sr-manager-success-operations","semantic_filter","excluded_seniority","O título contém um nível claramente sénior: 'Sr'."
"Jobicy","Data Scientist - Music Promotion","Spotify","USA","https://jobicy.com/jobs/154477-data-scientist-music-promotion","semantic_filter","missing_entry_level_signal","Não foi encontrado um sinal entry-level explícito no título, na senioridade ou na descrição."
"Jobicy","Accounts Receivable Clerk","Canonical","EMEA","https://jobicy.com/jobs/148113-accounts-receivable-clerk","semantic_filter","missing_entry_level_signal","Não foi encontrado um sinal entry-level explícito no título, na senioridade ou na descrição."
"Jobicy","US- Escalation Manager (Customer Support)","PointClickCare","USA","https://jobicy.com/jobs/150041-us-escalation-manager-customer-support","semantic_filter","excluded_seniority","A metadata de senioridade contém um nível claramente sénior: 'Senior'."
"Jobicy","Canada- Escalation Manager (Customer Support)","PointClickCare","Canada","https://jobicy.com/jobs/150040-canada-escalation-manager-customer-support","semantic_filter","excluded_seniority","A metadata de senioridade contém um nível claramente sénior: 'Senior'."
"Jobicy","Customer Success Manager - WE","Bloomreach","UK","https://jobicy.com/jobs/150037-customer-success-manager-we","semantic_filter","excluded_non_technical","O título identifica uma função não técnica: 'Customer Success Manager'."
"Jobicy","Engineering Manager - Public Cloud, Python, Golang","Canonical","EMEA,  LATAM,  Canada,  USA","https://jobicy.com/jobs/149985-engineering-manager-public-cloud-python-golang","semantic_filter","excluded_seniority","A metadata de senioridade contém um nível claramente sénior: 'Midweight'."
"Jobicy","Software Engineer - Data Infrastructure - OpenSearch/ElasticSearch","Canonical","EMEA","https://jobicy.com/jobs/149994-software-engineer-data-infrastructure-opensearch-elasticsearch","semantic_filter","excluded_seniority","A metadata de senioridade contém um nível claramente sénior: 'Senior'."
"Jobicy","Talent Scientist","Canonical","EMEA","https://jobicy.com/jobs/149990-talent-scientist","semantic_filter","missing_entry_level_signal","Não foi encontrado um sinal entry-level explícito no título, na senioridade ou na descrição."
"Jobicy","Director, Talent Analytics","Canonical","EMEA","https://jobicy.com/jobs/149987-director-talent-analytics","semantic_filter","excluded_seniority","O título contém um nível claramente sénior: 'Director'."
"Jobicy","Golang Engineering Manager, Commercial Systems","Canonical","EMEA","https://jobicy.com/jobs/149984-golang-engineering-manager-commercial-systems","semantic_filter","excluded_seniority","A metadata de senioridade contém um nível claramente sénior: 'Midweight'."
"Jobicy","Python Engineering Manager, Commercial Systems","Canonical","EMEA","https://jobicy.com/jobs/149989-python-engineering-manager-commercial-systems","semantic_filter","excluded_seniority","A metadata de senioridade contém um nível claramente sénior: 'Midweight'."
"Jobicy","Site Reliability Engineering Manager","Canonical","APAC,  EMEA","https://jobicy.com/jobs/149986-site-reliability-engineering-manager","semantic_filter","excluded_seniority","A metadata de senioridade contém um nível claramente sénior: 'Midweight'."
"Jobicy","Developer Relations Engineer","Canonical","APAC,  EMEA","https://jobicy.com/jobs/149993-developer-relations-engineer","semantic_filter","missing_entry_level_signal","Não foi encontrado um sinal entry-level explícito no título, na senioridade ou na descrição."
"Jobicy","Tax Senior Associate","Canonical","EMEA,  UK","https://jobicy.com/jobs/149991-tax-senior-associate","semantic_filter","excluded_seniority","O título contém um nível claramente sénior: 'Senior'."
"Jobicy","Graduate Talent Scientist","Canonical","EMEA","https://jobicy.com/jobs/149992-graduate-talent-scientist","semantic_filter","unsupported_domain","O título e as tags não identificam um domínio técnico suportado."
"Jobicy","Engineering Manager- Ceph & Distributed Storage","Canonical","EMEA,  LATAM,  Canada,  USA","https://jobicy.com/jobs/149970-engineering-manager-ceph-distributed-storage","semantic_filter","excluded_seniority","A metadata de senioridade contém um nível claramente sénior: 'Midweight'."
"Jobicy","Senior Organisational Development Practitioner","Canonical","EMEA,  LATAM,  Canada,  USA","https://jobicy.com/jobs/149961-senior-organisational-development-practitioner","semantic_filter","excluded_seniority","O título contém um nível claramente sénior: 'Senior'."
"Jobicy","Software Engineer, Ceph & Distributed Storage","Canonical","EMEA,  LATAM,  Canada,  USA","https://jobicy.com/jobs/149972-software-engineer-ceph-distributed-storage","semantic_filter","missing_entry_level_signal","Não foi encontrado um sinal entry-level explícito no título, na senioridade ou na descrição."
"Jobicy","Manager, People Analytics","Canonical","EMEA,  LATAM,  Canada,  USA","https://jobicy.com/jobs/149966-manager-people-analytics","semantic_filter","excluded_seniority","A metadata de senioridade contém um nível claramente sénior: 'Midweight'."
"Jobicy","Data/ Java Engineer (AI/LLM Chatbot, Customer Service)","Binance","APAC","https://jobicy.com/jobs/150065-data-java-engineer-ai-llm-chatbot-customer-service","semantic_filter","excluded_seniority","A metadata de senioridade contém um nível claramente sénior: 'Senior'."
"Jobicy","Senior Design Manager (Infrastructure)","Canonical","EMEA","https://jobicy.com/jobs/149997-senior-design-manager-infrastructure","semantic_filter","excluded_seniority","O título contém um nível claramente sénior: 'Senior'."
"Jobicy","Software Engineer - Data Infrastructure","Canonical","EMEA","https://jobicy.com/jobs/149971-software-engineer-data-infrastructure","semantic_filter","excluded_seniority","A metadata de senioridade contém um nível claramente sénior: 'Senior'."
"Jobicy","Content marketing lead","Canonical","EMEA","https://jobicy.com/jobs/149995-content-marketing-lead","semantic_filter","excluded_seniority","O título contém um nível claramente sénior: 'lead'."
"Jobicy","Ubuntu Core Software Engineer","Canonical","EMEA","https://jobicy.com/jobs/149996-ubuntu-core-software-engineer","semantic_filter","excluded_seniority","A metadata de senioridade contém um nível claramente sénior: 'Senior'."
"Jobicy","Linux devices software engineer - snapd","Canonical","EMEA,  LATAM,  Canada,  USA","https://jobicy.com/jobs/149969-linux-devices-software-engineer-snapd","semantic_filter","excluded_seniority","A metadata de senioridade contém um nível claramente sénior: 'Senior'."
"Jobicy","Regional SDR Director","Canonical","APAC,  EMEA,  LATAM,  Canada,  USA","https://jobicy.com/jobs/149924-regional-sdr-director","semantic_filter","excluded_seniority","O título contém um nível claramente sénior: 'Director'."
"Jobicy","Design Manager (Visual)","Canonical","EMEA","https://jobicy.com/jobs/149983-design-manager-visual","semantic_filter","excluded_seniority","A metadata de senioridade contém um nível claramente sénior: 'Midweight'."
"Jobicy","Silicon Alliances Ecosystem Development Manager","Canonical","EMEA,  LATAM,  Canada,  USA","https://jobicy.com/jobs/149982-silicon-alliances-ecosystem-development-manager","semantic_filter","excluded_seniority","A metadata de senioridade contém um nível claramente sénior: 'Midweight'."
"Jobicy","Forward Deployed Engineer - Software Engineer - Sweden","Elevenlabs","Sweden","https://jobicy.com/jobs/154511-forward-deployed-engineer-software-engineer-sweden","deduplication","duplicate","2 ocorrências do mesmo anúncio foram consolidadas; foi mantida a versão de Jobicy."
"Jobicy","Engineering Manager, Core DevOps","GitLab","Canada,  USA","https://jobicy.com/jobs/154498-engineering-manager-core-devops","semantic_filter","missing_entry_level_signal","Não foi encontrado um sinal entry-level explícito no título, na senioridade ou na descrição. 2 ocorrências consolidadas de 1 fonte(s): Jobicy."
"Jobicy","Senior ML Operations (MLOps) Engineer","Eight Sleep","Anywhere","https://jobicy.com/jobs/154500-senior-ml-operations-mlops-engineer","semantic_filter","excluded_seniority","O título contém um nível claramente sénior: 'Senior'. 2 ocorrências consolidadas de 1 fonte(s): Jobicy."
"Jobicy","3D & LiDAR Data Annotation Analyst","Appen","Anywhere","https://jobicy.com/jobs/154499-3d-lidar-data-annotation-analyst","semantic_filter","missing_entry_level_signal","Não foi encontrado um sinal entry-level explícito no título, na senioridade ou na descrição. 2 ocorrências consolidadas de 1 fonte(s): Jobicy."
"Jobicy","Sr. Software Engineer II / Tech lead, Agentic Platform (Poland, Remote, B2B)","Samsara","Poland","https://jobicy.com/jobs/154396-sr-software-engineer-ii-tech-lead-agentic-platform-poland-remote-b2b","semantic_filter","excluded_seniority","O título contém um nível claramente sénior: 'Sr'. 2 ocorrências consolidadas de 1 fonte(s): Jobicy."
"Jobicy","Senior Account Executive | Upmarket | New Logo","Jamf","USA","https://jobicy.com/jobs/152453-senior-account-executive-upmarket-new-logo","semantic_filter","excluded_seniority","O título contém um nível claramente sénior: 'Senior'. 2 ocorrências consolidadas de 1 fonte(s): Jobicy."
"Jobicy","Senior Product Manager, AI and Endpoint","Teramind","Romania","https://jobicy.com/jobs/152497-senior-product-manager-ai-and-endpoint","semantic_filter","excluded_seniority","O título contém um nível claramente sénior: 'Senior'. 2 ocorrências consolidadas de 1 fonte(s): Jobicy."
"Jobicy","Product Engineer, Internal Tools - LATAM","Luxury Presence","LATAM","https://jobicy.com/jobs/152452-product-engineer-internal-tools-latam","semantic_filter","excluded_seniority","A metadata de senioridade contém um nível claramente sénior: 'Senior'. 2 ocorrências consolidadas de 1 fonte(s): Jobicy."
"Jobicy","Backend Engineer III","Monzo","UK","https://jobicy.com/jobs/152499-backend-engineer-iii","semantic_filter","excluded_seniority","O título contém um nível claramente sénior: 'Engineer III'. 2 ocorrências consolidadas de 1 fonte(s): Jobicy."
"Jobicy","Blockchain Security Expert - AI Track","CertiK","USA","https://jobicy.com/jobs/152451-blockchain-security-expert-ai-track","semantic_filter","missing_entry_level_signal","Não foi encontrado um sinal entry-level explícito no título, na senioridade ou na descrição. 3 ocorrências consolidadas de 1 fonte(s): Jobicy."
"Jobicy","Director of Engineering, Cloud & Reliability","Boulevard","USA","https://jobicy.com/jobs/152496-director-of-engineering-cloud-reliability-2","semantic_filter","excluded_seniority","O título contém um nível claramente sénior: 'Director'. 2 ocorrências consolidadas de 1 fonte(s): Jobicy."
"Jobicy","B2B SEO/AEO Expert","Elevenlabs","Argentina,  Australia,  Brazil,  Ireland,  Italy,  Japan,  Poland,  Spain,  UAE,  UK,  USA","https://jobicy.com/jobs/152485-b2b-seo-aeo-expert","semantic_filter","excluded_seniority","A metadata de senioridade contém um nível claramente sénior: 'Senior'. 2 ocorrências consolidadas de 1 fonte(s): Jobicy."
"Jobicy","Blockchain Security Engineer - Senior Level (Solidity / Rust / Golang )","CertiK","USA","https://jobicy.com/jobs/152447-blockchain-security-engineer-senior-level-solidity-rust-golang","semantic_filter","excluded_seniority","O título contém um nível claramente sénior: 'Senior'. 2 ocorrências consolidadas de 1 fonte(s): Jobicy."
"Jobicy","Director of Launch Operations","Luxury Presence","USA","https://jobicy.com/jobs/152444-director-of-launch-operations","semantic_filter","excluded_seniority","O título contém um nível claramente sénior: 'Director'."
"Jobicy","Clinical Integration, Nurse Consultant","Bayesian Health","USA","https://jobicy.com/jobs/152433-clinical-integration-nurse-consultant","semantic_filter","excluded_seniority","A metadata de senioridade contém um nível claramente sénior: 'Director'."
"Jobicy","Enterprise Growth Lead","Bayesian Health","USA","https://jobicy.com/jobs/152424-enterprise-growth-lead","semantic_filter","excluded_seniority","O título contém um nível claramente sénior: 'Lead'."
"Jobicy","Senior Software Engineer, Developer Experience","Thumbtack","USA","https://jobicy.com/jobs/152416-senior-software-engineer-developer-experience","semantic_filter","excluded_seniority","O título contém um nível claramente sénior: 'Senior'."
"Jobicy","Automation Sales Manager","Formic","USA","https://jobicy.com/jobs/152414-automation-sales-manager","semantic_filter","excluded_non_technical","O título identifica uma função não técnica: 'Sales'."
"Jobicy","Senior QA Automation Engineer (Platform)","Upgrade","USA","https://jobicy.com/jobs/152407-senior-qa-automation-engineer-platform","semantic_filter","excluded_seniority","O título contém um nível claramente sénior: 'Senior'."
"Jobicy","Senior Customer Success Engineer","Veeam Software","UAE","https://jobicy.com/jobs/151408-senior-customer-success-engineer","semantic_filter","excluded_seniority","O título contém um nível claramente sénior: 'Senior'."
"Jobicy","Senior Customer Success Architect - Singapore","GitLab","Singapore","https://jobicy.com/jobs/150102-senior-customer-success-architect-singapore","semantic_filter","excluded_seniority","O título contém um nível claramente sénior: 'Senior'."
"Jobicy","Enterprise Account Executive (DACH)","infisical","Germany","https://jobicy.com/jobs/154479-enterprise-account-executive-dach-4","semantic_filter","excluded_non_technical","O título identifica uma função não técnica: 'Account Executive'."
"Jobicy","Bilingual Strategic Cuisines Inside Account Executive (Mandarin)","Toast","USA","https://jobicy.com/jobs/154466-bilingual-strategic-cuisines-inside-account-executive-mandarin","semantic_filter","excluded_non_technical","O título identifica uma função não técnica: 'Account Executive'."
"Jobicy","Staff GTM Analyst (USA Only, 100% Remote)","Close","USA","https://jobicy.com/jobs/154468-staff-gtm-analyst-usa-only-100-remote","semantic_filter","excluded_seniority","O título contém um nível claramente sénior: 'Staff'."
"Jobicy","Senior Backend Engineer - Backend Platform (USA Only, 100% Remote)","Close","USA","https://jobicy.com/jobs/154467-senior-backend-engineer-backend-platform-usa-only-100-remote","semantic_filter","excluded_seniority","O título contém um nível claramente sénior: 'Senior'."
"Jobicy","PHP & React Software Engineer","Enumerate","LATAM","https://jobicy.com/jobs/154461-php-react-software-engineer","semantic_filter","missing_entry_level_signal","Não foi encontrado um sinal entry-level explícito no título, na senioridade ou na descrição."
"Jobicy","Senior Backend Engineer - CRM (USA Only, 100% Remote)","Close","USA","https://jobicy.com/jobs/154463-senior-backend-engineer-crm-usa-only-100-remote","semantic_filter","excluded_seniority","O título contém um nível claramente sénior: 'Senior'."
"Jobicy","Senior Frontend Engineer – Marketing (USA Only, 100% Remote)","Close","USA","https://jobicy.com/jobs/154460-senior-frontend-engineer-marketing-usa-only-100-remote","semantic_filter","excluded_seniority","O título contém um nível claramente sénior: 'Senior'."
"Jobicy","Principal Product Manager, Public Sector","Brightline","USA","https://jobicy.com/jobs/154456-principal-product-manager-public-sector","semantic_filter","excluded_seniority","O título contém um nível claramente sénior: 'Principal'."
"Jobicy","Account Director, United States","Testlio","USA","https://jobicy.com/jobs/154444-account-director-united-states","semantic_filter","excluded_seniority","O título contém um nível claramente sénior: 'Director'."
"Jobicy","Senior Technical Account Manager","Trustonic","Mexico","https://jobicy.com/jobs/149912-senior-technical-account-manager","semantic_filter","excluded_seniority","O título contém um nível claramente sénior: 'Senior'."
"Jobicy","Senior Director of Curriculum","CodePath","USA","https://jobicy.com/jobs/152287-senior-director-of-curriculum","semantic_filter","excluded_seniority","O título contém um nível claramente sénior: 'Senior'."
"Jobicy","Channel Account Manager II, Service Provider","Huntress","USA","https://jobicy.com/jobs/154357-channel-account-manager-ii-service-provider","semantic_filter","excluded_non_technical","O título identifica uma função não técnica: 'Account Manager'."
"Jobicy","Regional Sales Director - Southern Europe","Tenable","Spain","https://jobicy.com/jobs/154300-regional-sales-director-southern-europe","semantic_filter","excluded_seniority","O título contém um nível claramente sénior: 'Director'."
"Jobicy","Senior Account Executive, DACH","LastPass","Germany","https://jobicy.com/jobs/154307-senior-account-executive-dach","semantic_filter","excluded_seniority","O título contém um nível claramente sénior: 'Senior'."
"Jobicy","AI Security - Account Executive","Zscaler","Japan","https://jobicy.com/jobs/152251-ai-security-account-executive","semantic_filter","excluded_non_technical","O título identifica uma função não técnica: 'Account Executive'."
"Jobicy","Software Engineer (Multiple Levels)","UpGuard","Australia","https://jobicy.com/jobs/142184-software-engineer-multiple-levels","semantic_filter","excluded_seniority","A metadata de senioridade contém um nível claramente sénior: 'Midweight'."
"Jobicy","Senior Account Executive - Federal (US ARMY)","Mattermost","USA","https://jobicy.com/jobs/154271-senior-account-executive-federal-us-army","semantic_filter","excluded_seniority","O título contém um nível claramente sénior: 'Senior'."
"Jobicy","Senior Account Executive - Federal (Intelligence Community Focus)","Mattermost","USA","https://jobicy.com/jobs/154266-senior-account-executive-federal-intelligence-community-focus","semantic_filter","excluded_seniority","O título contém um nível claramente sénior: 'Senior'."
"Jobicy","Audit Innovation Lead, Agents","Fieldguide","USA","https://jobicy.com/jobs/154202-audit-innovation-lead-agents","semantic_filter","excluded_seniority","O título contém um nível claramente sénior: 'Lead'."
"Jobicy","Software Engineer, Internal Audit (All Levels)","Fieldguide","USA","https://jobicy.com/jobs/154197-software-engineer-internal-audit-all-levels","semantic_filter","excluded_seniority","A metadata de senioridade contém um nível claramente sénior: 'Senior'."
"Jobicy","Creative eLearning Developer","Tenable","USA","https://jobicy.com/jobs/154191-creative-elearning-developer","semantic_filter","excluded_seniority","A metadata de senioridade contém um nível claramente sénior: 'Director'."
"Jobicy","Senior Partner Solutions Engineer","Akamai Technologies","Sweden","https://jobicy.com/jobs/143732-senior-partner-solutions-engineer-2","semantic_filter","excluded_seniority","O título contém um nível claramente sénior: 'Senior'."
"Jobicy","Customer Sales Engineer","UpGuard","USA","https://jobicy.com/jobs/147850-customer-sales-engineer-2","semantic_filter","excluded_non_technical","O título identifica uma função não técnica: 'Sales'."
"Jobicy","Deal Desk Manager","DeleteMe","USA","https://jobicy.com/jobs/154152-deal-desk-manager","semantic_filter","excluded_seniority","A metadata de senioridade contém um nível claramente sénior: 'Senior'."
"Jobicy","Public Sector Account Executive, SLED - Boston, MA","DeleteMe","USA","https://jobicy.com/jobs/154156-public-sector-account-executive-sled-boston-ma","semantic_filter","excluded_non_technical","O título identifica uma função não técnica: 'Account Executive'."
"Jobicy","Senior Growth Marketing Manager","Cobalt","USA","https://jobicy.com/jobs/154131-senior-growth-marketing-manager","semantic_filter","excluded_seniority","O título contém um nível claramente sénior: 'Senior'."
"Jobicy","Contract Senior Staff Product Manager (US - East)","Cobalt","USA","https://jobicy.com/jobs/154124-contract-senior-staff-product-manager-us-east","semantic_filter","excluded_seniority","O título contém um nível claramente sénior: 'Senior'."
"Jobicy","Senior Director of Sales, Enterprise","Cobalt","USA","https://jobicy.com/jobs/154128-senior-director-of-sales-enterprise-2","semantic_filter","excluded_seniority","O título contém um nível claramente sénior: 'Senior'."
"Jobicy","Large Enterprise Sales Director, Spain","Semperis","Spain","https://jobicy.com/jobs/151926-large-enterprise-sales-director-spain","semantic_filter","excluded_seniority","O título contém um nível claramente sénior: 'Director'."
"Jobicy","Sales Engineer | EMEIA","Jamf","Germany","https://jobicy.com/jobs/151932-sales-engineer-emeia","semantic_filter","excluded_non_technical","O título identifica uma função não técnica: 'Sales'."
"Jobicy","Customer Success Manager II - West","Tines","USA","https://jobicy.com/jobs/147811-customer-success-manager-ii-west","semantic_filter","excluded_non_technical","O título identifica uma função não técnica: 'Customer Success Manager'."
"Jobicy","Solutions Engineer - LATAM","Veriff","LATAM","https://jobicy.com/jobs/154512-solutions-engineer-latam","semantic_filter","unsupported_domain","O título e as tags não identificam um domínio técnico suportado."
"Jobicy","Director, Partnerships - US-Based","Toptal","USA","https://jobicy.com/jobs/154508-director-partnerships-us-based","semantic_filter","excluded_seniority","O título contém um nível claramente sénior: 'Director'."
"Jobicy","Psychiatrist Collaborative Physician (MD)","BetterHelp","USA","https://jobicy.com/jobs/154505-psychiatrist-collaborative-physician-md","semantic_filter","missing_entry_level_signal","Não foi encontrado um sinal entry-level explícito no título, na senioridade ou na descrição."
"Jobicy","Online Mental Health Social Worker","BetterHelp","USA","https://jobicy.com/jobs/154504-online-mental-health-social-worker","semantic_filter","excluded_seniority","A metadata de senioridade contém um nível claramente sénior: 'Senior'."
"Jobicy","Online Mental Health Counselor","BetterHelp","USA","https://jobicy.com/jobs/154503-online-mental-health-counselor","semantic_filter","excluded_seniority","A metadata de senioridade contém um nível claramente sénior: 'Senior'."
"Jobicy","Large Enterprise Account Executive","Dandy","Anywhere","https://jobicy.com/jobs/154497-large-enterprise-account-executive","semantic_filter","excluded_non_technical","O título identifica uma função não técnica: 'Account Executive'."
"Jobicy","Licensed Marriage & Family Therapist","BetterHelp","USA","https://jobicy.com/jobs/154502-licensed-marriage-family-therapist","semantic_filter","missing_entry_level_signal","Não foi encontrado um sinal entry-level explícito no título, na senioridade ou na descrição."
"Jobicy","Platform Engineer","Catawiki","Anywhere","https://jobicy.com/jobs/154501-platform-engineer-2","semantic_filter","missing_entry_level_signal","Não foi encontrado um sinal entry-level explícito no título, na senioridade ou na descrição."
"Jobicy","Executive Assistant to the CEO","Collibra","USA","https://jobicy.com/jobs/154495-executive-assistant-to-the-ceo-2","semantic_filter","excluded_seniority","A metadata de senioridade contém um nível claramente sénior: 'Director'."
"Jobicy","Executive Assistant to the Chief Revenue Officer (CRO)","EDB","USA","https://jobicy.com/jobs/154492-executive-assistant-to-the-chief-revenue-officer-cro","semantic_filter","excluded_seniority","A metadata de senioridade contém um nível claramente sénior: 'Director'."
"Jobicy","Executive Assistant - Finance","Elevenlabs","Europe","https://jobicy.com/jobs/154491-executive-assistant-finance","semantic_filter","excluded_seniority","A metadata de senioridade contém um nível claramente sénior: 'Director'."
"Jobicy","Executive Assistant III","Affirm","UK","https://jobicy.com/jobs/154490-executive-assistant-iii","semantic_filter","excluded_seniority","A metadata de senioridade contém um nível claramente sénior: 'Director'."
"Jobicy","Executive Assistant - Revenue","Elevenlabs","USA","https://jobicy.com/jobs/154496-executive-assistant-revenue","semantic_filter","excluded_seniority","A metadata de senioridade contém um nível claramente sénior: 'Director'."
"Jobicy","Executive Assistant","Solace","USA","https://jobicy.com/jobs/154494-executive-assistant-2","semantic_filter","excluded_seniority","A metadata de senioridade contém um nível claramente sénior: 'Director'."
"Jobicy","Ads Quality Rater - Spanish (Argentina)","Welo Global","Argentina","https://jobicy.com/jobs/152200-ads-quality-rater-spanish-argentina","semantic_filter","missing_entry_level_signal","Não foi encontrado um sinal entry-level explícito no título, na senioridade ou na descrição."
"Jobicy","SEO & Analytics Strategist","Fueled","USA","https://jobicy.com/jobs/152488-seo-analytics-strategist","semantic_filter","excluded_seniority","A metadata de senioridade contém um nível claramente sénior: 'Senior'."
"Jobicy","Account Executive, Commercial","Samsara","USA","https://jobicy.com/jobs/152466-account-executive-commercial","semantic_filter","excluded_non_technical","O título identifica uma função não técnica: 'Account Executive'."
"Jobicy","Account Executive, Mid Market (Northeast)","Samsara","USA","https://jobicy.com/jobs/152481-account-executive-mid-market-northeast","semantic_filter","excluded_seniority","O título contém um nível claramente sénior: 'Mid'."
"Jobicy","Account Executive, Mid Market (Midwest)","Samsara","USA","https://jobicy.com/jobs/152479-account-executive-mid-market-midwest","semantic_filter","excluded_seniority","O título contém um nível claramente sénior: 'Mid'."
"Jobicy","Account Executive, Commercial ( West)","Samsara","USA","https://jobicy.com/jobs/152473-account-executive-commercial-west","semantic_filter","excluded_non_technical","O título identifica uma função não técnica: 'Account Executive'."
"Jobicy","Sales Development Representative - API MAM Supporting","Vonage","Mexico","https://jobicy.com/jobs/152476-sales-development-representative-api-mam-supporting","semantic_filter","excluded_non_technical","O título identifica uma função não técnica: 'Sales'."
"Jobicy","Marketing Operations Specialist","LevelUp","Philippines","https://jobicy.com/jobs/152464-marketing-operations-specialist-2","semantic_filter","excluded_non_technical","O título identifica uma função não técnica: 'Marketing'."
"Jobicy","Deal Desk Analyst","Vonage","Mexico","https://jobicy.com/jobs/152462-deal-desk-analyst-4","semantic_filter","excluded_seniority","A metadata de senioridade contém um nível claramente sénior: 'Senior'."
"Jobicy","QA Tester (Future Roles)","Testlio","Anywhere","https://jobicy.com/jobs/152401-qa-tester-future-roles","semantic_filter","missing_entry_level_signal","Não foi encontrado um sinal entry-level explícito no título, na senioridade ou na descrição."
"Jobicy","Account Executive, Mid Market (Southeast)","Samsara","USA","https://jobicy.com/jobs/152483-account-executive-mid-market-southeast","semantic_filter","excluded_seniority","O título contém um nível claramente sénior: 'Mid'."
"Arbeitnow","Product Designer (m/f/d)- Physical Products & AI - home decor brand - 100% remote - part-/fulltime","Time to hire","Marktbreit","https://www.arbeitnow.com/jobs/companies/time-to-hire/product-designer-physical-products-ai-home-decor-brand-100-remote-part-fulltime-marktbreit-415474","semantic_filter","missing_entry_level_signal","Não foi encontrado um sinal entry-level explícito no título, na senioridade ou na descrição."
"Arbeitnow","Senior WEG-Verwalter:in (m/w/d) | 100 % Remote oder Hamburg","Ralph Management GmbH","Homeoffice","https://www.arbeitnow.com/jobs/companies/ralph-management-gmbh/senior-weg-verwalterin-100-remote-oder-hamburg-hamburg-office-433811","semantic_filter","excluded_seniority","O título contém um nível claramente sénior: 'Senior'."
"Arbeitnow","Werkstudent Office Management (all genders)","Aroundhome","Berlin","https://www.arbeitnow.com/jobs/companies/aroundhome/werkstudent-office-management-all-genders-berlin-202367","semantic_filter","missing_entry_level_signal","Não foi encontrado um sinal entry-level explícito no título, na senioridade ou na descrição."
"Arbeitnow","Senior Product Manager - Salesforce & Internal Enablement (all genders)","Aroundhome","Berlin","https://www.arbeitnow.com/jobs/companies/aroundhome/senior-product-manager-salesforce-internal-enablement-all-genders-berlin-391789","semantic_filter","excluded_seniority","O título contém um nível claramente sénior: 'Senior'."
"Arbeitnow","Trainee [*] Produktmanagement","Notebooksbilliger","Potsdam","https://www.arbeitnow.com/jobs/companies/notebooksbilliger/trainee-produktmanagement-potsdam-426467","semantic_filter","unsupported_domain","O título e as tags não identificam um domínio técnico suportado."
"Arbeitnow","Junior Produktmanager [*] als Elternzeitvertretung","Notebooksbilliger","Potsdam","https://www.arbeitnow.com/jobs/companies/notebooksbilliger/junior-produktmanager-als-elternzeitvertretung-potsdam-489431","semantic_filter","unsupported_domain","O título e as tags não identificam um domínio técnico suportado."
"Arbeitnow","Werkstudent*in Finance Projects & Systems (m/w/d)","OXG Glasfaser GmbH","Düsseldorf","https://www.arbeitnow.com/jobs/companies/oxg-glasfaser-gmbh/werkstudentin-finance-projects-systems-dusseldorf-75766","semantic_filter","missing_entry_level_signal","Não foi encontrado um sinal entry-level explícito no título, na senioridade ou na descrição."
"Arbeitnow","Werkstudent*in Accounting (m/w/d)","OXG Glasfaser GmbH","Düsseldorf und Remote","https://www.arbeitnow.com/jobs/companies/oxg-glasfaser-gmbh/remote-werkstudentin-accounting-393883","semantic_filter","missing_entry_level_signal","Não foi encontrado um sinal entry-level explícito no título, na senioridade ou na descrição."
"Arbeitnow","Senior Vendor Manager / Lieferantenmanager Telekommunikation (m/w/d)","OXG Glasfaser GmbH","Düsseldorf und Remote","https://www.arbeitnow.com/jobs/companies/oxg-glasfaser-gmbh/remote-senior-vendor-manager-lieferantenmanager-telekommunikation-333266","semantic_filter","excluded_seniority","O título contém um nível claramente sénior: 'Senior'."
"Arbeitnow","Praktikant People & Culture (m/w/d)","OXG Glasfaser GmbH","Düsseldorf und Remote","https://www.arbeitnow.com/jobs/companies/oxg-glasfaser-gmbh/remote-praktikant-people-culture-247462","semantic_filter","missing_entry_level_signal","Não foi encontrado um sinal entry-level explícito no título, na senioridade ou na descrição."
"Arbeitnow","Working Student System Administration (all genders)","Helpling","Berlin","https://www.arbeitnow.com/jobs/companies/helpling/working-student-system-administration-all-genders-berlin-86356","semantic_filter","unsupported_domain","O título e as tags não identificam um domínio técnico suportado."
"Arbeitnow","Data Platform Engineer (f/m/d)","Ruhrdot Gmbh","Headoffice Onsite/Hybrid Essen","https://www.arbeitnow.com/jobs/companies/ruhrdot-gmbh/data-platform-engineer-headoffice-onsite-hybrid-essen-488015","semantic_filter","missing_entry_level_signal","Não foi encontrado um sinal entry-level explícito no título, na senioridade ou na descrição."
"Arbeitnow","(Senior) Consultant Data & AI (f/m/d)","Ruhrdot Gmbh","Headoffice Onsite/Hybrid Essen","https://www.arbeitnow.com/jobs/companies/ruhrdot-gmbh/senior-consultant-data-ai-headoffice-onsite-hybrid-essen-307385","semantic_filter","excluded_seniority","O título contém um nível claramente sénior: 'Senior'."
"Arbeitnow","Working Student International Energy Advisory (m/w/d)","Westbridge Gruppe","Frankfurt am Main","https://www.arbeitnow.com/jobs/companies/westbridge-gruppe/working-student-international-energy-advisory-frankfurt-am-main-270180","semantic_filter","unsupported_domain","O título e as tags não identificam um domínio técnico suportado."
"Arbeitnow","Working Student Finance (m/w/d)","Westbridge Gruppe","Frankfurt am Main","https://www.arbeitnow.com/jobs/companies/westbridge-gruppe/working-student-finance-frankfurt-am-main-197739","semantic_filter","unsupported_domain","O título e as tags não identificam um domínio técnico suportado."
"Arbeitnow","Sales Consultant Sustainability Real Estate (m/w/d)","Westbridge Gruppe","Frankfurt am Main","https://www.arbeitnow.com/jobs/companies/westbridge-gruppe/sales-consultant-sustainability-real-estate-frankfurt-am-main-276155","semantic_filter","excluded_non_technical","O título identifica uma função não técnica: 'Sales'."
"Arbeitnow","Associate Director Sustainability Sales (m/w/d)","Westbridge Gruppe","Berlin","https://www.arbeitnow.com/jobs/companies/westbridge-gruppe/associate-director-sustainability-sales-berlin-337702","semantic_filter","excluded_seniority","O título contém um nível claramente sénior: 'Director'."
"Arbeitnow","AI Full-Stack Developer (m/w/d)","Homeserve","Frankfurt am Main","https://www.arbeitnow.com/jobs/companies/homeserve/ai-full-stack-developer-frankfurt-am-main-178310","semantic_filter","missing_entry_level_signal","Não foi encontrado um sinal entry-level explícito no título, na senioridade ou na descrição."
"Arbeitnow","Director Institutional Capital and Partnerships (m/w/d) – Frankfurt / Berlin / Hamburg","Condo Group","Frankfurt","https://www.arbeitnow.com/jobs/companies/condo-group/director-institutional-capital-and-partnerships-frankfurt-berlin-hamburg-292638","semantic_filter","excluded_seniority","O título contém um nível claramente sénior: 'Director'."
"Arbeitnow","Product Designer (m/f/d) — Energy Insights","Ecoplanet Green Operations Gmbh","München","https://www.arbeitnow.com/jobs/companies/ecoplanet-green-operations-gmbh/product-designer-energy-insights-munchen-28953","semantic_filter","missing_entry_level_signal","Não foi encontrado um sinal entry-level explícito no título, na senioridade ou na descrição."
"Arbeitnow","Platform Engineer (m/f/d)","Ecoplanet Green Operations Gmbh","München","https://www.arbeitnow.com/jobs/companies/ecoplanet-green-operations-gmbh/platform-engineer-munchen-162139","semantic_filter","missing_entry_level_signal","Não foi encontrado um sinal entry-level explícito no título, na senioridade ou na descrição."
"Arbeitnow","Teamleiter Servicetechniker (m/w/d)","Ista Express Service Gmbh","Leipzig","https://www.arbeitnow.com/jobs/companies/ista-express-service-gmbh/teamleiter-servicetechniker-leipzig-456429","semantic_filter","missing_entry_level_signal","Não foi encontrado um sinal entry-level explícito no título, na senioridade ou na descrição."
"Arbeitnow","Teamleiter Servicetechniker (m/w/d)","Ista Express Service Gmbh","Hannover","https://www.arbeitnow.com/jobs/companies/ista-express-service-gmbh/teamleiter-servicetechniker-hannover-240422","semantic_filter","missing_entry_level_signal","Não foi encontrado um sinal entry-level explícito no título, na senioridade ou na descrição."
"Arbeitnow","VP Finance","assemblean","Paderborn","https://www.arbeitnow.com/jobs/companies/assemblean/vp-finance-paderborn-262198","semantic_filter","missing_entry_level_signal","Não foi encontrado um sinal entry-level explícito no título, na senioridade ou na descrição."
"Arbeitnow","Director of First Line Operations - AML, PTM, CB, Fraud","Verifone","Bad Hersfeld, Hesse; München, Bavaria","https://www.arbeitnow.com/jobs/companies/verifone/director-of-first-line-operations-aml-ptm-cb-fraud-bad-hersfeld-hesse-munchen-bavaria-50727","semantic_filter","excluded_seniority","O título contém um nível claramente sénior: 'Director'."
"Arbeitnow","Senior Software Engineer, Event Streaming Systems","Deliveroo","Berlin","https://www.arbeitnow.com/jobs/companies/deliveroo/senior-software-engineer-event-streaming-systems-berlin-447559","semantic_filter","excluded_seniority","O título contém um nível claramente sénior: 'Senior'."
"Arbeitnow","Account Executive, Germany","Onestream","","https://www.arbeitnow.com/jobs/companies/onestream/account-executive-germany-283536","semantic_filter","excluded_non_technical","O título identifica uma função não técnica: 'Account Executive'."
"Arbeitnow","Senior ML Engineer | Kimchi (LLM Inference Optimization)","Kimchi","","https://www.arbeitnow.com/jobs/companies/kimchi/senior-ml-engineer-kimchi-llm-inference-optimization-195944","semantic_filter","excluded_seniority","O título contém um nível claramente sénior: 'Senior'."
"Arbeitnow","Senior Dokumentenmanager","TIS GmbH","Berlin, Berlin, Germany","https://www.arbeitnow.com/jobs/companies/tis-gmbh/senior-dokumentenmanager-berlin-425732","semantic_filter","excluded_seniority","O título contém um nível claramente sénior: 'Senior'."
"Arbeitnow","IT-Administrator Microsoft 365 (m/w/d) in Engstingen","Kigen IT-Systemhaus","Engstingen","https://www.arbeitnow.com/jobs/companies/kigen-it-systemhaus/it-administrator-microsoft-365-in-engstingen-458845","semantic_filter","missing_entry_level_signal","Não foi encontrado um sinal entry-level explícito no título, na senioridade ou na descrição."
"Arbeitnow","Microsoft 365 Engineer (m/w/d), 100 % remote","Kigen IT-Systemhaus","Stuttgart","https://www.arbeitnow.com/jobs/companies/kigen-it-systemhaus/microsoft-365-engineer-100-remote-stuttgart-432756","semantic_filter","missing_entry_level_signal","Não foi encontrado um sinal entry-level explícito no título, na senioridade ou na descrição."
"Arbeitnow","Senior Microsoft Infrastructure Engineer (m/w/d)","Amplius-Systems GmbH","Hamburg","https://www.arbeitnow.com/jobs/companies/amplius-systems-gmbh/senior-microsoft-infrastructure-engineer-hamburg-247113","semantic_filter","excluded_seniority","O título contém um nível claramente sénior: 'Senior'."
"Arbeitnow","Senior Linux & Network Engineer (m/w/d)","Amplius-Systems GmbH","Hamburg","https://www.arbeitnow.com/jobs/companies/amplius-systems-gmbh/senior-linux-network-engineer-hamburg-200139","semantic_filter","excluded_seniority","O título contém um nível claramente sénior: 'Senior'."
"Arbeitnow","Praktikant Online Marketing & Content (w/m/d)","Spread Group","Leipzig, Sachsen, Germany","https://www.arbeitnow.com/jobs/companies/spread-group/praktikant-online-marketing-content-leipzig-140996","semantic_filter","excluded_non_technical","O título identifica uma função não técnica: 'Marketing'."
"Arbeitnow","(Senior) Recruiting Partner (m/f/d)","Yoummday GmbH","München","https://www.arbeitnow.com/jobs/companies/yoummday-gmbh/senior-recruiting-partner-munchen-465774","semantic_filter","excluded_seniority","O título contém um nível claramente sénior: 'Senior'."
"Arbeitnow","Werkstudent (m/w/d) Kreation/Grafik Design","Dyn Media GmbH","Köln","https://www.arbeitnow.com/jobs/companies/dyn-media-gmbh/werkstudent-kreation-grafik-design-koln-90900","semantic_filter","missing_entry_level_signal","Não foi encontrado um sinal entry-level explícito no título, na senioridade ou na descrição."
"Arbeitnow","Werkstudent:in - HR & Business Development (m/w/d)","eeden GmbH","Münster","https://www.arbeitnow.com/jobs/companies/eeden-gmbh/werkstudentin-hr-business-development-munster-465949","semantic_filter","excluded_non_technical","O título identifica uma função não técnica: 'Business Development'."
"Arbeitnow","Senior Go Engineer, Full Stack","Topi","Berlin, Germany","https://www.arbeitnow.com/jobs/companies/topi/senior-go-engineer-full-stack-berlin-germany-402937","semantic_filter","excluded_seniority","O título contém um nível claramente sénior: 'Senior'."
"Arbeitnow","Talent Acquisition Specialist (mf/d)","SR Security Research Labs - Personio","Berlin","https://www.arbeitnow.com/jobs/companies/sr-security-research-labs-personio/talent-acquisition-specialist-mf-d-berlin-261175","semantic_filter","excluded_non_technical","O título identifica uma função não técnica: 'Talent Acquisition'."
"Arbeitnow","Working Student – Talent & Operations","Apheris","Germany - Berlin","https://www.arbeitnow.com/jobs/companies/apheris/working-student-talent-operations-germany-berlin-278324","semantic_filter","unsupported_domain","O título e as tags não identificam um domínio técnico suportado."
"Arbeitnow","Working Student – Brand & Visual Design","Apheris","Germany - Remote","https://www.arbeitnow.com/jobs/companies/apheris/remote-working-student-brand-visual-design-133957","semantic_filter","unsupported_domain","O título e as tags não identificam um domínio técnico suportado."
"Arbeitnow","Full-Stack Software Engineer (m/f/d) in Berlin or Konstanz","KNIME AG","Berlin","https://www.arbeitnow.com/jobs/companies/knime-ag/full-stack-software-engineer-in-berlin-or-konstanz-174646","semantic_filter","missing_entry_level_signal","Não foi encontrado um sinal entry-level explícito no título, na senioridade ou na descrição."
"Arbeitnow","Senior Systems Engineer Linux (m/w/d)","JACOB Elektronik GmbH","Karlsruhe","https://www.arbeitnow.com/jobs/companies/jacob-elektronik-gmbh/senior-systems-engineer-linux-karlsruhe-434369","semantic_filter","excluded_seniority","O título contém um nível claramente sénior: 'Senior'."
"Arbeitnow","Senior Product Manager (all gender)","Kranus Health Gmbh","Berlin","https://www.arbeitnow.com/jobs/companies/kranus-health-gmbh/senior-product-manager-all-gender-berlin-291934","semantic_filter","excluded_seniority","O título contém um nível claramente sénior: 'Senior'."
"Arbeitnow","(Senior) Revenue Operations Manager (d/m/w)","Riskident","Hamburg","https://www.arbeitnow.com/jobs/companies/riskident/senior-revenue-operations-manager-hamburg-25175","semantic_filter","excluded_seniority","O título contém um nível claramente sénior: 'Senior'."
"Arbeitnow","Senior Engineering Project Manager (m/w/d)","Idealworks","München","https://www.arbeitnow.com/jobs/companies/idealworks/senior-engineering-project-manager-munchen-363394","semantic_filter","excluded_seniority","O título contém um nível claramente sénior: 'Senior'."
"Arbeitnow","Werkstudent Social Media M/W/D","BALLEYWASL | UNSTK","Munich","https://www.arbeitnow.com/jobs/companies/balleywasl-unstk/werkstudent-social-media-munich-160670","semantic_filter","missing_entry_level_signal","Não foi encontrado um sinal entry-level explícito no título, na senioridade ou na descrição."
"Arbeitnow","UGC Creator / Social Media Creator (m/w/d)","paselo GmbH","Münster","https://www.arbeitnow.com/jobs/companies/paselo-gmbh/ugc-creator-social-media-creator-munster-189757","semantic_filter","missing_entry_level_signal","Não foi encontrado um sinal entry-level explícito no título, na senioridade ou na descrição."
"Arbeitnow","Director Content & Communication (m/w/d)","BALLEYWASL | UNSTK","Munich","https://www.arbeitnow.com/jobs/companies/balleywasl-unstk/director-content-communication-munich-446808","semantic_filter","excluded_seniority","O título contém um nível claramente sénior: 'Director'."
"Arbeitnow","Technical Product Owner - GenAI Produkte (m/w/d)","Talents2Germany GmbH","Frankfurt am Main","https://www.arbeitnow.com/jobs/companies/talents2germany-gmbh/technical-product-owner-genai-produkte-frankfurt-am-main-242906","semantic_filter","missing_entry_level_signal","Não foi encontrado um sinal entry-level explícito no título, na senioridade ou na descrição."
"Arbeitnow","Senior Systems Engineer (m/w/d) M365 & Azure","ANGEHEUERT GmbH Personalberatung","Berlin","https://www.arbeitnow.com/jobs/companies/angeheuert-gmbh-personalberatung/senior-systems-engineer-m365-azure-berlin-81106","semantic_filter","excluded_seniority","O título contém um nível claramente sénior: 'Senior'."
"Arbeitnow","Corporate Account Executive","Staffbase","Berlin, Brandenburg; Chemnitz, Sachsen; Dresden, Sachsen; Köln, Nordrhein-Westfalen; München, Bayern","https://www.arbeitnow.com/jobs/companies/staffbase/corporate-account-executive-berlin-brandenburg-chemnitz-sachsen-dresden-sachsen-koln-nordrhein-westfalen-munchen-bayern-109766","semantic_filter","excluded_non_technical","O título identifica uma função não técnica: 'Account Executive'."
"Arbeitnow","Senior Web Compatibility Engineer","Duck Duck Go","Remote","https://www.arbeitnow.com/jobs/companies/duck-duck-go/remote-senior-web-compatibility-engineer-426717","semantic_filter","excluded_seniority","O título contém um nível claramente sénior: 'Senior'."
"Arbeitnow","Senior Privacy Engineer","Duck Duck Go","Remote","https://www.arbeitnow.com/jobs/companies/duck-duck-go/remote-senior-privacy-engineer-115042","semantic_filter","excluded_seniority","O título contém um nível claramente sénior: 'Senior'."
"Arbeitnow","QA Engineer Mobile","ScholarshipOwl","Remote job","https://www.arbeitnow.com/jobs/companies/scholarshipowl/remote-qa-engineer-mobile-berlin-166747","semantic_filter","missing_entry_level_signal","Não foi encontrado um sinal entry-level explícito no título, na senioridade ou na descrição."
"Arbeitnow","Program Director (f/m/d) - Executive MBA Program","Whu Otto Beisheim School Of Management 1","Vallendar/Düsseldorf","https://www.arbeitnow.com/jobs/companies/whu-otto-beisheim-school-of-management-1/program-director-executive-mba-program-vallendar-dusseldorf-27365","semantic_filter","excluded_seniority","O título contém um nível claramente sénior: 'Director'."
"Arbeitnow","Werkstudent Recruiting (all genders)","asgoodasnew electronics GmbH","Berlin","https://www.arbeitnow.com/jobs/companies/asgoodasnew-electronics-gmbh/werkstudent-recruiting-all-genders-berlin-110415","semantic_filter","unsupported_domain","O título e as tags não identificam um domínio técnico suportado."
"Arbeitnow","Recruiter / Talent Acquisition (m/w/d) - Schwerpunkt Sales Recruiting","Baupal Gmbh","Berlin","https://www.arbeitnow.com/jobs/companies/baupal-gmbh/recruiter-talent-acquisition-schwerpunkt-sales-recruiting-berlin-288550","semantic_filter","excluded_non_technical","O título identifica uma função não técnica: 'Recruiter'."
"Arbeitnow","Remote Maintenance Engineer","Personal data collected as part of the application process","Munich","https://www.arbeitnow.com/jobs/companies/personal-data-collected-as-part-of-the-application-process/remote-maintenance-engineer-munich-387906","semantic_filter","missing_entry_level_signal","Não foi encontrado um sinal entry-level explícito no título, na senioridade ou na descrição."
"Arbeitnow","Communications & Design Working Student","Personal data collected as part of the application process","Munich","https://www.arbeitnow.com/jobs/companies/personal-data-collected-as-part-of-the-application-process/communications-design-working-student-munich-13123","semantic_filter","unsupported_domain","O título e as tags não identificam um domínio técnico suportado."
"Arbeitnow","Praktikum Trainer*innen-Entwicklung (m/w/d)","Deutscher Fußball-Bund","Frankfurt am Main","https://www.arbeitnow.com/jobs/companies/deutscher-fussball-bund/praktikum-trainerinnen-entwicklung-frankfurt-am-main-33220","semantic_filter","unsupported_domain","O título e as tags não identificam um domínio técnico suportado."
"Arbeitnow","Solution Architect (All Genders)","Diva E","München (MUC1)","https://www.arbeitnow.com/jobs/companies/diva-e/solution-architect-all-genders-munchen-muc1-174078","semantic_filter","missing_entry_level_signal","Não foi encontrado um sinal entry-level explícito no título, na senioridade ou na descrição."
"Arbeitnow","Senior Online-Redakteur / Content Consultant (All Genders)","Diva E","München (MUC1)","https://www.arbeitnow.com/jobs/companies/diva-e/senior-online-redakteur-content-consultant-all-genders-munchen-muc1-275351","semantic_filter","excluded_seniority","O título contém um nível claramente sénior: 'Senior'."
"Arbeitnow","Senior Consultant Automotive / Digital Transformation (All Genders)","Diva E","Jena (JEN1)","https://www.arbeitnow.com/jobs/companies/diva-e/senior-consultant-automotive-digital-transformation-all-genders-jena-jen1-355822","semantic_filter","excluded_seniority","O título contém um nível claramente sénior: 'Senior'."
"Arbeitnow","Senior Software Engineer - Ruby on Rails (f/m/d)","Pair","Berlin (Hybrid)","https://www.arbeitnow.com/jobs/companies/pair/senior-software-engineer-ruby-on-rails-berlin-hybrid-266548","semantic_filter","excluded_seniority","O título contém um nível claramente sénior: 'Senior'."
"Arbeitnow","Senior Collection Specialist Quality (m/w/d)","Pair","Berlin (Hybrid)","https://www.arbeitnow.com/jobs/companies/pair/senior-collection-specialist-quality-berlin-hybrid-463527","semantic_filter","excluded_seniority","O título contém um nível claramente sénior: 'Senior'."
"Arbeitnow","Managing Director / Country Head (m/w/d) Deutschland","Pair","Berlin (Hybrid)","https://www.arbeitnow.com/jobs/companies/pair/managing-director-country-head-deutschland-berlin-hybrid-84248","semantic_filter","excluded_seniority","O título contém um nível claramente sénior: 'Director'."
"Arbeitnow","Werkstudent (m/w/d) Marketing","Lautsprecherteufel","Berlin","https://www.arbeitnow.com/jobs/companies/lautsprecherteufel/werkstudent-marketing-berlin-253822","semantic_filter","excluded_non_technical","O título identifica uma função não técnica: 'Marketing'."
"Arbeitnow","Werkstudent (m/w/d) E-Commerce / CRM","Lautsprecherteufel","Berlin","https://www.arbeitnow.com/jobs/companies/lautsprecherteufel/werkstudent-e-commerce-crm-berlin-467931","semantic_filter","unsupported_domain","O título e as tags não identificam um domínio técnico suportado."
"Arbeitnow","Werkstudent (m/w/d) mit Schwerpunkt Konstruktiver Ingenieurbau (797)","Voessing","Hannover","https://www.arbeitnow.com/jobs/companies/voessing/werkstudent-mit-schwerpunkt-konstruktiver-ingenieurbau-797-hannover-415559","semantic_filter","missing_entry_level_signal","Não foi encontrado um sinal entry-level explícito no título, na senioridade ou na descrição."
"Arbeitnow","Senior Finanzbuchhalter (m/w/d)","logistik-consultants.de | Baykolog GmbH","Viersen","https://www.arbeitnow.com/jobs/companies/logistik-consultantsde-baykolog-gmbh/senior-finanzbuchhalter-viersen-287710","semantic_filter","excluded_seniority","O título contém um nível claramente sénior: 'Senior'."
"Arbeitnow","Steuerberater (m/w/d) in Burbach, auf Wunsch mit Partnerperspektive, gesucht - mindestens 90.000€","Taxtalente.de","Burbach","https://www.arbeitnow.com/jobs/companies/taxtalentede/steuerberater-in-burbach-auf-wunsch-mit-partnerperspektive-gesucht-mindestens-90000eur-96904","semantic_filter","missing_entry_level_signal","Não foi encontrado um sinal entry-level explícito no título, na senioridade ou na descrição."
"Arbeitnow","Steuerberater (m/w/d) in Großostheim, auf Wunsch mit Partnerperspektive, gesucht - mindestens 90.000€","Taxtalente.de","Großostheim","https://www.arbeitnow.com/jobs/companies/taxtalentede/steuerberater-in-grossostheim-auf-wunsch-mit-partnerperspektive-gesucht-mindestens-90000eur-393462","semantic_filter","missing_entry_level_signal","Não foi encontrado um sinal entry-level explícito no título, na senioridade ou na descrição."
"Arbeitnow","Steuerberater (m/w/d) in Weddelbrook, auf Wunsch mit Partnerperspektive, gesucht - mindestens 90.000€","Taxtalente.de","Weddelbrook","https://www.arbeitnow.com/jobs/companies/taxtalentede/steuerberater-in-weddelbrook-auf-wunsch-mit-partnerperspektive-gesucht-mindestens-90000eur-151593","semantic_filter","missing_entry_level_signal","Não foi encontrado um sinal entry-level explícito no título, na senioridade ou na descrição."
"Arbeitnow","Steuerberater (m/w/d) in Nußdorf am Inn, auf Wunsch mit Partnerperspektive, gesucht - mindestens 90.000€","Taxtalente.de","Nußdorf am Inn","https://www.arbeitnow.com/jobs/companies/taxtalentede/steuerberater-in-nussdorf-am-inn-auf-wunsch-mit-partnerperspektive-gesucht-mindestens-90000eur-172622","semantic_filter","missing_entry_level_signal","Não foi encontrado um sinal entry-level explícito no título, na senioridade ou na descrição."
"Arbeitnow","Steuerberater (m/w/d) in Tamm, auf Wunsch mit Partnerperspektive, gesucht - mindestens 90.000€","Taxtalente.de","Tamm","https://www.arbeitnow.com/jobs/companies/taxtalentede/steuerberater-in-tamm-auf-wunsch-mit-partnerperspektive-gesucht-mindestens-90000eur-266405","semantic_filter","missing_entry_level_signal","Não foi encontrado um sinal entry-level explícito no título, na senioridade ou na descrição."
"Arbeitnow","Steuerberater (m/w/d) in Wedemark, auf Wunsch mit Partnerperspektive, gesucht - mindestens 90.000€","Taxtalente.de","Wedemark","https://www.arbeitnow.com/jobs/companies/taxtalentede/steuerberater-in-wedemark-auf-wunsch-mit-partnerperspektive-gesucht-mindestens-90000eur-234642","semantic_filter","missing_entry_level_signal","Não foi encontrado um sinal entry-level explícito no título, na senioridade ou na descrição."
"Arbeitnow","Steuerberater (m/w/d) in Nuthetal, auf Wunsch mit Partnerperspektive, gesucht - mindestens 90.000€","Taxtalente.de","Nuthetal","https://www.arbeitnow.com/jobs/companies/taxtalentede/steuerberater-in-nuthetal-auf-wunsch-mit-partnerperspektive-gesucht-mindestens-90000eur-298534","semantic_filter","missing_entry_level_signal","Não foi encontrado um sinal entry-level explícito no título, na senioridade ou na descrição."
"Arbeitnow","Steuerberater (m/w/d) in Eichstetten am Kaiserstuhl, auf Wunsch mit Partnerperspektive, gesucht - mindestens 90.000€","Taxtalente.de","Eichstetten am Kaiserstuhl","https://www.arbeitnow.com/jobs/companies/taxtalentede/steuerberater-in-eichstetten-am-kaiserstuhl-auf-wunsch-mit-partnerperspektive-gesucht-mindestens-90000eur-471063","semantic_filter","missing_entry_level_signal","Não foi encontrado um sinal entry-level explícito no título, na senioridade ou na descrição."
"Arbeitnow","Marketing Director (m/w/d) Growth & Commercial Marketing","APRICOT GmbH","Munich","https://www.arbeitnow.com/jobs/companies/apricot-gmbh/marketing-director-growth-commercial-marketing-munich-11771","semantic_filter","excluded_seniority","O título contém um nível claramente sénior: 'Director'."
"Arbeitnow","Customer Success Associate - Renewable Energy","trawa","Berlin HQ","https://www.arbeitnow.com/jobs/companies/trawa/customer-success-associate-renewable-energy-berlin-133516","semantic_filter","unsupported_domain","O título e as tags não identificam um domínio técnico suportado."
"Arbeitnow","Senior IT Architect (m/w/d)","virtual7 GmbH","Homeoffice","https://www.arbeitnow.com/jobs/companies/virtual7-gmbh/remote-senior-it-architect-karlsruhe-411236","semantic_filter","excluded_seniority","O título contém um nível claramente sénior: 'Senior'."
"Arbeitnow","Senior Java Fullstack Developer (m/w/d)","virtual7 GmbH","Hamburg, Hamburg, Deutschland","https://www.arbeitnow.com/jobs/companies/virtual7-gmbh/senior-java-fullstack-developer-hamburg-5600","semantic_filter","excluded_seniority","O título contém um nível claramente sénior: 'Senior'."
"Arbeitnow","(Senior) Java Fullstack Developer (m/w/d)","virtual7 GmbH","Hamburg, Hamburg, Deutschland","https://www.arbeitnow.com/jobs/companies/virtual7-gmbh/senior-java-fullstack-developer-hamburg-460925","semantic_filter","excluded_seniority","O título contém um nível claramente sénior: 'Senior'."
"Arbeitnow","Senior Frontend Engineer - React","Researchgate","Berlin","https://www.arbeitnow.com/jobs/companies/researchgate/senior-frontend-engineer-react-berlin-438870","semantic_filter","excluded_seniority","O título contém um nível claramente sénior: 'Senior'."
"Arbeitnow","Softwarearchitekt (x) Energiemarkt","Greenflash","Essen","https://www.arbeitnow.com/jobs/companies/greenflash/softwarearchitekt-x-energiemarkt-essen-362722","semantic_filter","unsupported_domain","O título e as tags não identificam um domínio técnico suportado."
"Arbeitnow","Talent Acquisition Manager (m/w/d)","Inovisco","Köln","https://www.arbeitnow.com/jobs/companies/inovisco/talent-acquisition-manager-koln-400694","semantic_filter","excluded_non_technical","O título identifica uma função não técnica: 'Talent Acquisition'."
"Arbeitnow","Senior Vice President National (all genders)","Inovisco","Köln","https://www.arbeitnow.com/jobs/companies/inovisco/senior-vice-president-national-all-genders-koln-292883","semantic_filter","excluded_seniority","O título contém um nível claramente sénior: 'Senior'."
"Arbeitnow","Scrum Master / Delivery Enabler (m/w/d) - KI-gestützte Softwareentwicklung","Maibornwolff","Munich","https://www.arbeitnow.com/jobs/companies/maibornwolff/scrum-master-delivery-enabler-ki-gestutzte-softwareentwicklung-munich-96214","semantic_filter","missing_entry_level_signal","Não foi encontrado um sinal entry-level explícito no título, na senioridade ou na descrição."
"Arbeitnow","Scrum Master / Delivery Enabler (m/w/d) - KI-gestützte Softwareentwicklung","Maibornwolff","Augsburg","https://www.arbeitnow.com/jobs/companies/maibornwolff/scrum-master-delivery-enabler-ki-gestutzte-softwareentwicklung-augsburg-336603","semantic_filter","missing_entry_level_signal","Não foi encontrado um sinal entry-level explícito no título, na senioridade ou na descrição."
"Arbeitnow","Scrum Master / Delivery Enabler (m/w/d) - KI-gestützte Softwareentwicklung","Maibornwolff","Bonn","https://www.arbeitnow.com/jobs/companies/maibornwolff/scrum-master-delivery-enabler-ki-gestutzte-softwareentwicklung-bonn-64053","semantic_filter","missing_entry_level_signal","Não foi encontrado um sinal entry-level explícito no título, na senioridade ou na descrição."
"Arbeitnow","Scrum Master / Delivery Enabler (m/w/d) - KI-gestützte Softwareentwicklung","Maibornwolff","Leipzig","https://www.arbeitnow.com/jobs/companies/maibornwolff/scrum-master-delivery-enabler-ki-gestutzte-softwareentwicklung-leipzig-399754","semantic_filter","missing_entry_level_signal","Não foi encontrado um sinal entry-level explícito no título, na senioridade ou na descrição."
"Arbeitnow","Scrum Master / Delivery Enabler (m/w/d) - KI-gestützte Softwareentwicklung","Maibornwolff","Berlin","https://www.arbeitnow.com/jobs/companies/maibornwolff/scrum-master-delivery-enabler-ki-gestutzte-softwareentwicklung-berlin-315165","semantic_filter","missing_entry_level_signal","Não foi encontrado um sinal entry-level explícito no título, na senioridade ou na descrição."
"Arbeitnow","Scrum Master / Delivery Enabler (m/w/d) - KI-gestützte Softwareentwicklung","Maibornwolff","Frankfurt","https://www.arbeitnow.com/jobs/companies/maibornwolff/scrum-master-delivery-enabler-ki-gestutzte-softwareentwicklung-frankfurt-101411","semantic_filter","missing_entry_level_signal","Não foi encontrado um sinal entry-level explícito no título, na senioridade ou na descrição."
"Arbeitnow","Scrum Master / Delivery Enabler (m/w/d) - KI-gestützte Softwareentwicklung","Maibornwolff","Hamburg","https://www.arbeitnow.com/jobs/companies/maibornwolff/scrum-master-delivery-enabler-ki-gestutzte-softwareentwicklung-hamburg-464818","semantic_filter","missing_entry_level_signal","Não foi encontrado um sinal entry-level explícito no título, na senioridade ou na descrição."
"Arbeitnow","Sales Associate in Teilzeit (m/w/x) Frankfurt Airport (20 Stunden)","LUMAS Art Editions GmbH","LUMAS Frankfurt - Flughafen","https://www.arbeitnow.com/jobs/companies/lumas-art-editions-gmbh/sales-associate-in-teilzeit-frankfurt-airport-20-stunden-lumas-frankfurt-flughafen-75148","semantic_filter","excluded_non_technical","O título identifica uma função não técnica: 'Sales'."
"Arbeitnow","Front-Office Data Support Analyst","21Shares","London","https://www.arbeitnow.co.uk/jobs/companies/21shares/front-office-data-support-analyst-london-301027","semantic_filter","unsupported_domain","O título e as tags não identificam um domínio técnico suportado."
"Arbeitnow","Director of Strategic Accounts, EMEA (UK)","Kaicyberinc","London","https://www.arbeitnow.co.uk/jobs/companies/kaicyberinc/director-of-strategic-accounts-emea-uk-london-162744","semantic_filter","excluded_seniority","O título contém um nível claramente sénior: 'Director'."
"Arbeitnow","Solution Architect - GPU & HPC","Nexgencloud","London","https://www.arbeitnow.co.uk/jobs/companies/nexgencloud/solution-architect-gpu-hpc-london-378815","semantic_filter","missing_entry_level_signal","Não foi encontrado um sinal entry-level explícito no título, na senioridade ou na descrição."
"Arbeitnow","Senior Business Development Manager","Nexgencloud","London","https://www.arbeitnow.co.uk/jobs/companies/nexgencloud/senior-business-development-manager-london-245452","semantic_filter","excluded_seniority","O título contém um nível claramente sénior: 'Senior'."
"Arbeitnow","Data Analyst","Nexgencloud","London","https://www.arbeitnow.co.uk/jobs/companies/nexgencloud/data-analyst-london-175094","semantic_filter","missing_entry_level_signal","Não foi encontrado um sinal entry-level explícito no título, na senioridade ou na descrição."
"Arbeitnow","Senior Fullstack Engineer","Oagaviationworldwide","","https://www.arbeitnow.co.uk/jobs/companies/oagaviationworldwide/senior-fullstack-engineer-466394","semantic_filter","excluded_seniority","O título contém um nível claramente sénior: 'Senior'."
"Arbeitnow","Senior Product Marketing Manager | Kimchi AI Coding Platform| EMEA","Kimchi","","https://www.arbeitnow.co.uk/jobs/companies/kimchi/senior-product-marketing-manager-kimchi-ai-coding-platform-emea-52232","semantic_filter","excluded_seniority","O título contém um nível claramente sénior: 'Senior'."
"Arbeitnow","Senior ML Engineer | Kimchi (LLM Inference Optimization)","Kimchi","","https://www.arbeitnow.co.uk/jobs/companies/kimchi/senior-ml-engineer-kimchi-llm-inference-optimization-20848","semantic_filter","excluded_seniority","O título contém um nível claramente sénior: 'Senior'."
"Arbeitnow","Founding Account Executive | Kimchi","Kimchi","","https://www.arbeitnow.co.uk/jobs/companies/kimchi/founding-account-executive-kimchi-308734","semantic_filter","excluded_non_technical","O título identifica uma função não técnica: 'Account Executive'."
"Arbeitnow","Senior Consultant (Data Engineer)","Coeo","Reading","https://www.arbeitnow.co.uk/jobs/companies/coeo/senior-consultant-data-engineer-reading-472423","semantic_filter","excluded_seniority","O título contém um nível claramente sénior: 'Senior'."
"Arbeitnow","Principal AI Evaluations Platform Engineer","Microsoftcorporation","London","https://www.arbeitnow.co.uk/jobs/companies/microsoftcorporation/principal-ai-evaluations-platform-engineer-london-380877","semantic_filter","excluded_seniority","O título contém um nível claramente sénior: 'Principal'."
"Arbeitnow","Commercial Account Executive (London)","Commvault","","https://www.arbeitnow.co.uk/jobs/companies/commvault/commercial-account-executive-london-129534","semantic_filter","excluded_non_technical","O título identifica uma função não técnica: 'Account Executive'."
"Arbeitnow","Cloud Resilience Account Executive","Commvault","","https://www.arbeitnow.co.uk/jobs/companies/commvault/cloud-resilience-account-executive-351477","semantic_filter","excluded_non_technical","O título identifica uma função não técnica: 'Account Executive'."
"Arbeitnow","Senior Software Engineer","Gymshark","Solihull","https://www.arbeitnow.co.uk/jobs/companies/gymshark/senior-software-engineer-solihull-307731","semantic_filter","excluded_seniority","O título contém um nível claramente sénior: 'Senior'."
"Arbeitnow","Senior Android Engineer","Gymshark","Solihull","https://www.arbeitnow.co.uk/jobs/companies/gymshark/senior-android-engineer-solihull-402381","semantic_filter","excluded_seniority","O título contém um nível claramente sénior: 'Senior'."
"Arbeitnow","Quality Assurance Coordinator - Product Integrity - 12 Month FCT","Gymshark","Solihull","https://www.arbeitnow.co.uk/jobs/companies/gymshark/quality-assurance-coordinator-product-integrity-12-month-fct-solihull-133846","semantic_filter","missing_entry_level_signal","Não foi encontrado um sinal entry-level explícito no título, na senioridade ou na descrição."
"Arbeitnow","Mobile Engineer - IOS","Gymshark","Solihull","https://www.arbeitnow.co.uk/jobs/companies/gymshark/mobile-engineer-ios-solihull-190296","semantic_filter","missing_entry_level_signal","Não foi encontrado um sinal entry-level explícito no título, na senioridade ou na descrição."
"Arbeitnow","Senior Account Director","Onestream","","https://www.arbeitnow.co.uk/jobs/companies/onestream/senior-account-director-157747","semantic_filter","excluded_seniority","O título contém um nível claramente sénior: 'Senior'."
"Arbeitnow","Account Director, UK","Onestream","","https://www.arbeitnow.co.uk/jobs/companies/onestream/account-director-uk-271840","semantic_filter","excluded_seniority","O título contém um nível claramente sénior: 'Director'."
"Arbeitnow","AV Solutions Engineer","Neweratech","","https://www.arbeitnow.co.uk/jobs/companies/neweratech/av-solutions-engineer-79600","semantic_filter","missing_entry_level_signal","Não foi encontrado um sinal entry-level explícito no título, na senioridade ou na descrição."
"Arbeitnow","Senior IT Technician","Lumai","Oxford HQ","https://www.arbeitnow.co.uk/jobs/companies/lumai/senior-it-technician-headington-oxford-398183","semantic_filter","excluded_seniority","O título contém um nível claramente sénior: 'Senior'."
"Arbeitnow","Legal Counsel - 1 year Fixed Term Contract","Genomics","London","https://www.arbeitnow.co.uk/jobs/companies/genomics/legal-counsel-1-year-fixed-term-contract-london-253745","semantic_filter","excluded_non_technical","O título identifica uma função não técnica: 'Counsel'."
"Arbeitnow","Product Manager - Data and Analytics","Genomics","London","https://www.arbeitnow.co.uk/jobs/companies/genomics/product-manager-data-and-analytics-london-365380","semantic_filter","excluded_non_technical","O título identifica uma função não técnica: 'Product Manager'."
"Arbeitnow","Account Manager, Growth UK&I","Vanta","London, UK","https://www.arbeitnow.co.uk/jobs/companies/vanta/account-manager-growth-uki-london-23245","semantic_filter","excluded_non_technical","O título identifica uma função não técnica: 'Account Manager'."
"Arbeitnow","Account Executive, Mid Market (German Speaking)","Harvey","London","https://www.arbeitnow.co.uk/jobs/companies/harvey/account-executive-mid-market-german-speaking-london-293257","semantic_filter","excluded_seniority","O título contém um nível claramente sénior: 'Mid'."
"Arbeitnow","Account Executive, Mid Market (Spanish Speaking)","Harvey","London","https://www.arbeitnow.co.uk/jobs/companies/harvey/account-executive-mid-market-spanish-speaking-london-55491","semantic_filter","excluded_seniority","O título contém um nível claramente sénior: 'Mid'."
"Arbeitnow","Director, UK Enterprise Sales (Retail)","pinterest","London","https://www.arbeitnow.co.uk/jobs/companies/pinterest/director-uk-enterprise-sales-retail-london-447046","semantic_filter","excluded_seniority","O título contém um nível claramente sénior: 'Director'."
"Arbeitnow","Senior Partnerships Manager (UK)","raisin","London","https://www.arbeitnow.co.uk/jobs/companies/raisin/senior-partnerships-manager-uk-london-96730","semantic_filter","excluded_seniority","O título contém um nível claramente sénior: 'Senior'."
"Arbeitnow","Executive Assistant","Trainline","London","https://www.arbeitnow.co.uk/jobs/companies/trainline/executive-assistant-london-287254","semantic_filter","missing_entry_level_signal","Não foi encontrado um sinal entry-level explícito no título, na senioridade ou na descrição."
"Arbeitnow","Senior Product Security Engineer","Trainline","London","https://www.arbeitnow.co.uk/jobs/companies/trainline/senior-product-security-engineer-london-256034","semantic_filter","excluded_seniority","O título contém um nível claramente sénior: 'Senior'."
"Arbeitnow","Senior Machine Learning Engineer (Safety)","Faculty","UK - London","https://www.arbeitnow.co.uk/jobs/companies/faculty/senior-machine-learning-engineer-safety-london-99264","semantic_filter","excluded_seniority","O título contém um nível claramente sénior: 'Senior'."
"Arbeitnow","Senior Software Engineer (Safety)","Faculty","UK - London","https://www.arbeitnow.co.uk/jobs/companies/faculty/senior-software-engineer-safety-london-395145","semantic_filter","excluded_seniority","O título contém um nível claramente sénior: 'Senior'."
"Arbeitnow","Software Engineer (Safety)","Faculty","UK - London","https://www.arbeitnow.co.uk/jobs/companies/faculty/software-engineer-safety-london-416110","semantic_filter","missing_entry_level_signal","Não foi encontrado um sinal entry-level explícito no título, na senioridade ou na descrição."
"Arbeitnow","Customer Director","Faculty","UK - London","https://www.arbeitnow.co.uk/jobs/companies/faculty/customer-director-london-158951","semantic_filter","excluded_seniority","O título contém um nível claramente sénior: 'Director'."
"Arbeitnow","Senior Forward Deployed Engineer","Faculty","UK - London","https://www.arbeitnow.co.uk/jobs/companies/faculty/senior-forward-deployed-engineer-london-434639","semantic_filter","excluded_seniority","O título contém um nível claramente sénior: 'Senior'."
"Arbeitnow","Software Engineer","Faculty","UK - London","https://www.arbeitnow.co.uk/jobs/companies/faculty/software-engineer-london-161665","semantic_filter","missing_entry_level_signal","Não foi encontrado um sinal entry-level explícito no título, na senioridade ou na descrição."
"Arbeitnow","Lead Software Engineer","Faculty","UK - London","https://www.arbeitnow.co.uk/jobs/companies/faculty/lead-software-engineer-london-477419","semantic_filter","excluded_seniority","O título contém um nível claramente sénior: 'Lead'."
"Arbeitnow","Lead Machine Learning Engineer","Faculty","UK - London","https://www.arbeitnow.co.uk/jobs/companies/faculty/lead-machine-learning-engineer-london-193866","semantic_filter","excluded_seniority","O título contém um nível claramente sénior: 'Lead'."
"Arbeitnow","Senior Marketing Manager (International Growth)","opentable","London","https://www.arbeitnow.co.uk/jobs/companies/opentable/senior-marketing-manager-international-growth-london-403361","semantic_filter","excluded_seniority","O título contém um nível claramente sénior: 'Senior'."
"Arbeitnow","Senior Product Manager, Ongoing Monitoring","tide","","https://www.arbeitnow.co.uk/jobs/companies/tide/senior-product-manager-ongoing-monitoring-425632","semantic_filter","excluded_seniority","O título contém um nível claramente sénior: 'Senior'."
"Arbeitnow","Director of Mobile and Web Platform","tide","","https://www.arbeitnow.co.uk/jobs/companies/tide/director-of-mobile-and-web-platform-41149","semantic_filter","excluded_seniority","O título contém um nível claramente sénior: 'Director'."
"Arbeitnow","VP, Senior Backend Developer - Blockchain Infrastructure","Galaxydigitalservices","London","https://www.arbeitnow.co.uk/jobs/companies/galaxydigitalservices/vp-senior-backend-developer-blockchain-infrastructure-london-372605","semantic_filter","excluded_seniority","O título contém um nível claramente sénior: 'Senior'."
"Arbeitnow","Senior Machine Learning Engineer","Speechmatics","London","https://www.arbeitnow.co.uk/jobs/companies/speechmatics/senior-machine-learning-engineer-london-396629","semantic_filter","excluded_seniority","O título contém um nível claramente sénior: 'Senior'."
"Arbeitnow","Senior Machine Learning Engineer","Speechmatics","Cambridge","https://www.arbeitnow.co.uk/jobs/companies/speechmatics/senior-machine-learning-engineer-cambridge-294803","semantic_filter","excluded_seniority","O título contém um nível claramente sénior: 'Senior'."
"Arbeitnow","Machine Learning Team Lead","Speechmatics","London","https://www.arbeitnow.co.uk/jobs/companies/speechmatics/machine-learning-team-lead-london-478635","semantic_filter","excluded_seniority","O título contém um nível claramente sénior: 'Lead'."
"Arbeitnow","Machine Learning Team Lead","Speechmatics","Cambridge","https://www.arbeitnow.co.uk/jobs/companies/speechmatics/machine-learning-team-lead-cambridge-244594","semantic_filter","excluded_seniority","O título contém um nível claramente sénior: 'Lead'."
"Arbeitnow","Account Director, Corporate Affairs - Burson","Bursonglobalcareers","London","https://www.arbeitnow.co.uk/jobs/companies/bursonglobalcareers/account-director-corporate-affairs-burson-london-494278","semantic_filter","excluded_seniority","O título contém um nível claramente sénior: 'Director'."
"Arbeitnow","Senior Fullstack Engineer - UK","Heidi","London","https://www.arbeitnow.co.uk/jobs/companies/heidi/senior-fullstack-engineer-uk-london-432050","semantic_filter","excluded_seniority","O título contém um nível claramente sénior: 'Senior'."
"Arbeitnow","Technical Project Manager - UK","Tandem Health","London","https://www.arbeitnow.co.uk/jobs/companies/tandem-health/technical-project-manager-uk-london-9774","semantic_filter","excluded_non_technical","O título identifica uma função não técnica: 'Project Manager'."
"Arbeitnow","Senior Account Executive","Cohere","United Kingdom","https://www.arbeitnow.co.uk/jobs/companies/cohere/senior-account-executive-united-kingdom-144607","semantic_filter","excluded_seniority","O título contém um nível claramente sénior: 'Senior'."
"Arbeitnow","Staff Technical Program Manager, Machine Learning","Cohere","London","https://www.arbeitnow.co.uk/jobs/companies/cohere/staff-technical-program-manager-machine-learning-london-467423","semantic_filter","excluded_seniority","O título contém um nível claramente sénior: 'Staff'."
"Arbeitnow","Sr. Technical Recruiter (London)","Perplexity","London","https://www.arbeitnow.co.uk/jobs/companies/perplexity/sr-technical-recruiter-london-25039","semantic_filter","excluded_seniority","O título contém um nível claramente sénior: 'Sr'."
"Arbeitnow","Paid Media Manager | Lookfantastic","Thehutgroup","Manchester","https://www.arbeitnow.co.uk/jobs/companies/thehutgroup/paid-media-manager-lookfantastic-manchester-232038","semantic_filter","missing_entry_level_signal","Não foi encontrado um sinal entry-level explícito no título, na senioridade ou na descrição."
"Arbeitnow","Waiter/ Waitress - Little House Balham","Sohohouseco","London","https://www.arbeitnow.co.uk/jobs/companies/sohohouseco/waiter-waitress-little-house-balham-london-33678","semantic_filter","unsupported_domain","O título e as tags não identificam um domínio técnico suportado."
"Arbeitnow","Runner - Soho Farmhouse  (Main Barn)","Sohohouseco","Soho Farmhouse - Chipping Norton","https://www.arbeitnow.co.uk/jobs/companies/sohohouseco/runner-soho-farmhouse-main-barn-soho-farmhouse-chipping-norton-98256","semantic_filter","unsupported_domain","O título e as tags não identificam um domínio técnico suportado."
"Arbeitnow","Data specialist","Watershed","London","https://www.arbeitnow.co.uk/jobs/companies/watershed/data-specialist-london-174955","semantic_filter","unsupported_domain","O título e as tags não identificam um domínio técnico suportado."
"Arbeitnow","Technical Recruiter","iwoca","London","https://www.arbeitnow.co.uk/jobs/companies/iwoca/technical-recruiter-london-279348","semantic_filter","excluded_non_technical","O título identifica uma função não técnica: 'Recruiter'."
"Arbeitnow","Global Equity Tax Specialist","Checkout.com","London","https://www.arbeitnow.co.uk/jobs/companies/checkoutcom/global-equity-tax-specialist-london-161161","semantic_filter","missing_entry_level_signal","Não foi encontrado um sinal entry-level explícito no título, na senioridade ou na descrição."
"Arbeitnow","Coordinator, Front of House & Workplace Experience","Checkout.com","London","https://www.arbeitnow.co.uk/jobs/companies/checkoutcom/coordinator-front-of-house-workplace-experience-london-468825","semantic_filter","missing_entry_level_signal","Não foi encontrado um sinal entry-level explícito no título, na senioridade ou na descrição."
"Arbeitnow","Specialist, Regional Events and Field Marketing","Checkout.com","London","https://www.arbeitnow.co.uk/jobs/companies/checkoutcom/specialist-regional-events-and-field-marketing-london-437489","semantic_filter","excluded_non_technical","O título identifica uma função não técnica: 'Marketing'."
"Arbeitnow","Staff Product Designer","Checkout.com","London","https://www.arbeitnow.co.uk/jobs/companies/checkoutcom/staff-product-designer-london-311553","semantic_filter","excluded_seniority","O título contém um nível claramente sénior: 'Staff'."
"Arbeitnow","Senior Content Designer","Checkout.com","London","https://www.arbeitnow.co.uk/jobs/companies/checkoutcom/senior-content-designer-london-287136","semantic_filter","excluded_seniority","O título contém um nível claramente sénior: 'Senior'."
"Arbeitnow","Legal Counsel, Commercial","Checkout.com","London","https://www.arbeitnow.co.uk/jobs/companies/checkoutcom/legal-counsel-commercial-london-80077","semantic_filter","excluded_non_technical","O título identifica uma função não técnica: 'Counsel'."
"Arbeitnow","Enterprise Account Executive, Nordics","Sierra","London","https://www.arbeitnow.co.uk/jobs/companies/sierra/enterprise-account-executive-nordics-london-380578","semantic_filter","excluded_non_technical","O título identifica uma função não técnica: 'Account Executive'."
"Arbeitnow","Operations Manager, Product & Engineering","Sierra","London","https://www.arbeitnow.co.uk/jobs/companies/sierra/operations-manager-product-engineering-london-256504","semantic_filter","excluded_non_technical","O título identifica uma função não técnica: 'Operations Manager'."
"Arbeitnow","Regional VP, Sales","Sierra","London","https://www.arbeitnow.co.uk/jobs/companies/sierra/regional-vp-sales-london-365350","semantic_filter","excluded_non_technical","O título identifica uma função não técnica: 'Sales'."
"Arbeitnow","Director of Solutions Engineering - EMEA Strat","Decagon","London","https://www.arbeitnow.co.uk/jobs/companies/decagon/director-of-solutions-engineering-emea-strat-london-295251","semantic_filter","excluded_seniority","O título contém um nível claramente sénior: 'Director'."
"Arbeitnow","Director of Solutions Engineering - EMEA Enterprise","Decagon","London","https://www.arbeitnow.co.uk/jobs/companies/decagon/director-of-solutions-engineering-emea-enterprise-london-341170","semantic_filter","excluded_seniority","O título contém um nível claramente sénior: 'Director'."
"Arbeitnow","Software Engineering Director","Fanduel","Edinburgh","https://www.arbeitnow.co.uk/jobs/companies/fanduel/software-engineering-director-edinburgh-149030","semantic_filter","excluded_seniority","O título contém um nível claramente sénior: 'Director'."
"Arbeitnow","Principal Software Engineer (Hybrid)","8Thlightrebuild","London","https://www.arbeitnow.co.uk/jobs/companies/8thlightrebuild/principal-software-engineer-hybrid-london-269993","semantic_filter","excluded_seniority","O título contém um nível claramente sénior: 'Principal'."
"Arbeitnow","Lead Software Engineer (Hybrid)","8Thlightrebuild","London","https://www.arbeitnow.co.uk/jobs/companies/8thlightrebuild/lead-software-engineer-hybrid-london-451791","semantic_filter","excluded_seniority","O título contém um nível claramente sénior: 'Lead'."
"Arbeitnow","Head of Growth, Margin Trading","Kraken","United Kingdom","https://www.arbeitnow.co.uk/jobs/companies/kraken/head-of-growth-margin-trading-london-247338","semantic_filter","excluded_seniority","O título contém um nível claramente sénior: 'Head of'."
"Arbeitnow","Dedicated Support Engineer - London","Openai","London, UK","https://www.arbeitnow.co.uk/jobs/companies/openai/dedicated-support-engineer-london-363290","semantic_filter","missing_entry_level_signal","Não foi encontrado um sinal entry-level explícito no título, na senioridade ou na descrição."
"Arbeitnow","Director, Customer Success EMEA (Southern and Central Europe)","Onestream","","https://www.arbeitnow.fr/jobs/companies/onestream/director-customer-success-emea-southern-and-central-europe-143953","semantic_filter","excluded_seniority","O título contém um nível claramente sénior: 'Director'."
"Arbeitnow","Customer Success Manager- France","Onestream","","https://www.arbeitnow.fr/jobs/companies/onestream/customer-success-manager-france-4073","semantic_filter","excluded_non_technical","O título identifica uma função não técnica: 'Customer Success Manager'."
"Arbeitnow","Account Director","Onestream","","https://www.arbeitnow.fr/jobs/companies/onestream/account-director-402373","semantic_filter","excluded_seniority","O título contém um nível claramente sénior: 'Director'."
"Arbeitnow","Alternance Assistant RH (F/H)","Castrol","","https://www.arbeitnow.fr/jobs/companies/castrol/alternance-assistant-rh-f-h-96941","semantic_filter","missing_entry_level_signal","Não foi encontrado um sinal entry-level explícito no título, na senioridade ou na descrição."
"Arbeitnow","Senior ML Engineer | Kimchi (LLM Inference Optimization)","Kimchi","","https://www.arbeitnow.fr/jobs/companies/kimchi/senior-ml-engineer-kimchi-llm-inference-optimization-160265","semantic_filter","excluded_seniority","O título contém um nível claramente sénior: 'Senior'."
"Arbeitnow","Supply Chain Tech - Center of Excellence","Cognite","","https://www.arbeitnow.fr/jobs/companies/cognite/supply-chain-tech-center-of-excellence-121822","semantic_filter","missing_entry_level_signal","Não foi encontrado um sinal entry-level explícito no título, na senioridade ou na descrição."
"Arbeitnow","Senior Creative Strategist (all genders)","WeCreate Germany","Hybrid","https://www.arbeitnow.fr/jobs/companies/wecreate-germany/senior-creative-strategist-all-genders-hybrid-254635","semantic_filter","excluded_seniority","O título contém um nível claramente sénior: 'Senior'."
"Arbeitnow","(Senior) Social Brand Manager (all genders)","WeCreate Germany","Hybrid","https://www.arbeitnow.fr/jobs/companies/wecreate-germany/senior-social-brand-manager-all-genders-hybrid-282227","semantic_filter","excluded_seniority","O título contém um nível claramente sénior: 'Senior'."
"Arbeitnow","Senior Project Manager (m/f/d)","Arethia","Hybrid","https://www.arbeitnow.fr/jobs/companies/arethia/senior-project-manager-hybrid-223640","semantic_filter","excluded_seniority","O título contém um nível claramente sénior: 'Senior'."
"Arbeitnow","(Senior) Account Executive - France","Lobster Data Gmbh","France Office Paris","https://www.arbeitnow.fr/jobs/companies/lobster-data-gmbh/senior-account-executive-france-france-office-paris-341352","semantic_filter","excluded_seniority","O título contém um nível claramente sénior: 'Senior'."
"Arbeitnow","Lead Software Engineer - Paris","Artefactlinkedin","9th arrondissement of Paris, 75009, Paris","https://www.arbeitnow.fr/jobs/companies/artefactlinkedin/lead-software-engineer-paris-9th-arrondissement-of-paris-75009-paris-184574","semantic_filter","excluded_seniority","O título contém um nível claramente sénior: 'Lead'."
"Arbeitnow","Senior Software Engineer  - Distributed Systems (Applied AI)","Datadog","Bordeaux; Grenoble; Lyon; Montpellier; Nantes; Nice; Paris; Sophia Antipolis","https://www.arbeitnow.fr/jobs/companies/datadog/senior-software-engineer-distributed-systems-applied-ai-bordeaux-grenoble-lyon-montpellier-nantes-nice-paris-sophia-antipolis-22228","semantic_filter","excluded_seniority","O título contém um nível claramente sénior: 'Senior'."
"Arbeitnow","Senior Software Engineer - Autonomous Ops & Maintenance (ATOM)","Datadog","Paris","https://www.arbeitnow.fr/jobs/companies/datadog/senior-software-engineer-autonomous-ops-maintenance-atom-paris-246497","semantic_filter","excluded_seniority","O título contém um nível claramente sénior: 'Senior'."
"Arbeitnow","Visual Manager (Seasonal Fixed-Term) - Saint-Tropez","Aloyoga","Saint-Tropez, Var","https://www.arbeitnow.fr/jobs/companies/aloyoga/visual-manager-seasonal-fixed-term-saint-tropez-saint-tropez-var-94659","semantic_filter","missing_entry_level_signal","Não foi encontrado um sinal entry-level explícito no título, na senioridade ou na descrição."
"Arbeitnow","Lead Software Engineer - Paris","Artefact","9th arrondissement of Paris, 75009, Paris","https://www.arbeitnow.fr/jobs/companies/artefact/lead-software-engineer-paris-9th-arrondissement-of-paris-75009-paris-496789","semantic_filter","excluded_seniority","O título contém um nível claramente sénior: 'Lead'."
"Arbeitnow","Senior Web Compatibility Engineer","Duck Duck Go","Remote","https://www.arbeitnow.fr/jobs/companies/duck-duck-go/remote-senior-web-compatibility-engineer-341573","semantic_filter","excluded_seniority","O título contém um nível claramente sénior: 'Senior'."
"Arbeitnow","Senior Privacy Engineer","Duck Duck Go","Remote","https://www.arbeitnow.fr/jobs/companies/duck-duck-go/remote-senior-privacy-engineer-366025","semantic_filter","excluded_seniority","O título contém um nível claramente sénior: 'Senior'."
"Arbeitnow","Senior iOS Engineer (KMP) - POS","sumup","Paris, Paris","https://www.arbeitnow.fr/jobs/companies/sumup/senior-ios-engineer-kmp-pos-paris-paris-283595","semantic_filter","excluded_seniority","O título contém um nível claramente sénior: 'Senior'."
"Arbeitnow","Business Development Representative - Marché Français","Amenitiz","Lyon","https://www.arbeitnow.fr/jobs/companies/amenitiz/business-development-representative-marche-francais-lyon-379550","semantic_filter","excluded_non_technical","O título identifica uma função não técnica: 'Business Development'."
"Arbeitnow","Senior Software Engineer - Paris","Hcompany","Hybrid Paris","https://www.arbeitnow.fr/jobs/companies/hcompany/senior-software-engineer-paris-346059","semantic_filter","excluded_seniority","O título contém um nível claramente sénior: 'Senior'."
"Arbeitnow","Automation Lead","Orakl Oncology","Villejuif","https://www.arbeitnow.fr/jobs/companies/orakl-oncology/automation-lead-villejuif-208586","semantic_filter","excluded_seniority","O título contém um nível claramente sénior: 'Lead'."
"Arbeitnow","Product Manager Intern - Platform","mirakllabs","Paris","https://www.arbeitnow.fr/jobs/companies/mirakllabs/product-manager-intern-platform-paris-68428","semantic_filter","excluded_non_technical","O título identifica uma função não técnica: 'Product Manager'."
"Arbeitnow","Product Manager Intern - Connect","mirakllabs","Paris","https://www.arbeitnow.fr/jobs/companies/mirakllabs/product-manager-intern-connect-paris-21050","semantic_filter","excluded_non_technical","O título identifica uma função não técnica: 'Product Manager'."
"Arbeitnow","Manager - Data ScientistH/F","capco","","https://www.arbeitnow.fr/jobs/companies/capco/manager-data-scientisth-f-90927","semantic_filter","missing_entry_level_signal","Não foi encontrado um sinal entry-level explícito no título, na senioridade ou na descrição."
"Arbeitnow","Senior Sales Development Representative, with French (Strategic Accounts) (Bucharest-based position, relocation package possible)","veeamsoftware","Paris","https://www.arbeitnow.fr/jobs/companies/veeamsoftware/senior-sales-development-representative-with-french-strategic-accounts-bucharest-based-position-relocation-package-possible-paris-220158","semantic_filter","excluded_seniority","O título contém um nível claramente sénior: 'Senior'."
"Arbeitnow","Business Development Representative - Baltics H/F","Alta Ares","Paris","https://www.arbeitnow.fr/jobs/companies/alta-ares/business-development-representative-baltics-h-f-paris-336022","semantic_filter","excluded_non_technical","O título identifica uma função não técnica: 'Business Development'."
"Arbeitnow","Business Development Representative - Nordics H/F","Alta Ares","Paris","https://www.arbeitnow.fr/jobs/companies/alta-ares/business-development-representative-nordics-h-f-paris-295153","semantic_filter","excluded_non_technical","O título identifica uma função não técnica: 'Business Development'."
"Arbeitnow","Business Development Representative - Southern Europe H/H","Alta Ares","Paris","https://www.arbeitnow.fr/jobs/companies/alta-ares/business-development-representative-southern-europe-h-h-paris-281385","semantic_filter","excluded_non_technical","O título identifica uma função não técnica: 'Business Development'."
"Arbeitnow","Field Operations Specialist","Alta Ares","Paris","https://www.arbeitnow.fr/jobs/companies/alta-ares/field-operations-specialist-paris-425593","semantic_filter","missing_entry_level_signal","Não foi encontrado um sinal entry-level explícito no título, na senioridade ou na descrição."
"Arbeitnow","Human Design Program Lead (F/H/X)","Kraken","Paris, France","https://www.arbeitnow.fr/jobs/companies/kraken/human-design-program-lead-paris-74225","semantic_filter","excluded_seniority","O título contém um nível claramente sénior: 'Lead'."
"Arbeitnow","Client Enablement & Coaching Lead (F/H/X)","Kraken","Paris, France","https://www.arbeitnow.fr/jobs/companies/kraken/client-enablement-coaching-lead-paris-401186","semantic_filter","excluded_seniority","O título contém um nível claramente sénior: 'Lead'."
"Arbeitnow","Technical Program Lead (F/H/X)","Kraken","Paris, France","https://www.arbeitnow.fr/jobs/companies/kraken/technical-program-lead-paris-304328","semantic_filter","excluded_seniority","O título contém um nível claramente sénior: 'Lead'."
"Arbeitnow","Lead Software Engineer - Paris","Artefactjobs","9th arrondissement of Paris, 75009, Paris","https://www.arbeitnow.fr/jobs/companies/artefactjobs/lead-software-engineer-paris-9th-arrondissement-of-paris-75009-paris-358876","semantic_filter","excluded_seniority","O título contém um nível claramente sénior: 'Lead'."
"Arbeitnow","Major Account Executive, France","gitlab","Remote","https://www.arbeitnow.fr/jobs/companies/gitlab/remote-major-account-executive-france-271398","semantic_filter","excluded_non_technical","O título identifica uma função não técnica: 'Account Executive'."
"Arbeitnow","Account Executive - France","gitlab","Remote","https://www.arbeitnow.fr/jobs/companies/gitlab/remote-account-executive-france-411683","semantic_filter","excluded_non_technical","O título identifica uma função não técnica: 'Account Executive'."
"Arbeitnow","Anti-Corruption & Trade Compliance Legal Counsel","Mistral.ai","Paris","https://www.arbeitnow.fr/jobs/companies/mistralai/anti-corruption-trade-compliance-legal-counsel-paris-83732","semantic_filter","excluded_non_technical","O título identifica uma função não técnica: 'Counsel'."
"Arbeitnow","Perception and Fusion Engineer","Swarmaero","Remote","https://www.arbeitnow.fr/jobs/companies/swarmaero/remote-perception-and-fusion-engineer-101328","semantic_filter","missing_entry_level_signal","Não foi encontrado um sinal entry-level explícito no título, na senioridade ou na descrição."
"Arbeitnow","MAÎTRE DE CONFÉRENCES dans le domaine du Génie Civil et de la microstructure des matériaux de construction H/F - CDI - IMT Mines Alès","Institut Mines-Télécom","Alès, Occitanie, France","https://www.arbeitnow.fr/jobs/companies/institut-mines-telecom/maitre-de-conferences-dans-le-domaine-du-genie-civil-et-de-la-microstructure-des-materiaux-de-construction-h-f-cdi-imt-mines-ales-110573","semantic_filter","missing_entry_level_signal","Não foi encontrado um sinal entry-level explícito no título, na senioridade ou na descrição."
"Arbeitnow","Post-doctorant·e en apprentissage décentralisé sûr, conficentiel et explicable - CDD 12 mois","Institut Mines-Télécom","EVRY, Île-de-France, France","https://www.arbeitnow.fr/jobs/companies/institut-mines-telecom/post-doctorante-en-apprentissage-decentralise-sur-conficentiel-et-explicable-cdd-12-mois-evry-428047","semantic_filter","missing_entry_level_signal","Não foi encontrado um sinal entry-level explícito no título, na senioridade ou na descrição."
"Arbeitnow","Ingénieur Assurance Qualité Projets","Excelya","Toulouse, France","https://www.arbeitnow.fr/jobs/companies/excelya/ingenieur-assurance-qualite-projets-toulouse-432574","semantic_filter","missing_entry_level_signal","Não foi encontrado um sinal entry-level explícito no título, na senioridade ou na descrição."
"Arbeitnow","Product Marketing Intern","mirakl","Paris","https://www.arbeitnow.fr/jobs/companies/mirakl/product-marketing-intern-paris-411507","semantic_filter","excluded_non_technical","O título identifica uma função não técnica: 'Marketing'."
"Arbeitnow","Customer Success Intern – Mirakl Ads, Paris","mirakl","Paris","https://www.arbeitnow.fr/jobs/companies/mirakl/customer-success-intern-mirakl-ads-paris-186091","semantic_filter","unsupported_domain","O título e as tags não identificam um domínio técnico suportado."
"Arbeitnow","Brand Design Intern or Apprentice","mirakl","Paris","https://www.arbeitnow.fr/jobs/companies/mirakl/brand-design-intern-or-apprentice-paris-102533","semantic_filter","unsupported_domain","O título e as tags não identificam um domínio técnico suportado."
"Arbeitnow","CDI - BARISTA - Flagship Le Marais","AMI PARIS","Paris, Île-de-France, France","https://www.arbeitnow.fr/jobs/companies/ami-paris/cdi-barista-flagship-le-marais-paris-117527","semantic_filter","missing_entry_level_signal","Não foi encontrado um sinal entry-level explícito no título, na senioridade ou na descrição."
"Arbeitnow","☀️️Japanese-Speaking Customer Support Specialist-Relocate to Sunny Greece🇬🇷","Next Job Abroad","Paris, France","https://www.arbeitnow.fr/jobs/companies/next-job-abroad/japanese-speaking-customer-support-specialist-relocate-to-sunny-greece-paris-233439","semantic_filter","missing_entry_level_signal","Não foi encontrado um sinal entry-level explícito no título, na senioridade ou na descrição."
"Arbeitnow","☀️️French-Speaking Customer Support Specialist-Relocate to Sunny Greece🇬🇷","Next Job Abroad","Marseille, France","https://www.arbeitnow.fr/jobs/companies/next-job-abroad/french-speaking-customer-support-specialist-relocate-to-sunny-greece-marseille-311877","semantic_filter","missing_entry_level_signal","Não foi encontrado um sinal entry-level explícito no título, na senioridade ou na descrição."
"Arbeitnow","☀️️French-Speaking Customer Support Specialist-Relocate to Sunny Greece🇬🇷","Next Job Abroad","Lille, France","https://www.arbeitnow.fr/jobs/companies/next-job-abroad/french-speaking-customer-support-specialist-relocate-to-sunny-greece-lille-251754","semantic_filter","missing_entry_level_signal","Não foi encontrado um sinal entry-level explícito no título, na senioridade ou na descrição."
"Arbeitnow","☀️️French-Speaking Customer Support Specialist-Relocate to Sunny Greece🇬🇷","Next Job Abroad","Lyon, France","https://www.arbeitnow.fr/jobs/companies/next-job-abroad/french-speaking-customer-support-specialist-relocate-to-sunny-greece-lyon-178976","semantic_filter","missing_entry_level_signal","Não foi encontrado um sinal entry-level explícito no título, na senioridade ou na descrição."
"Arbeitnow","☀️️French-Speaking Customer Support Specialist-Relocate to Sunny Greece🇬🇷","Next Job Abroad","Paris, France","https://www.arbeitnow.fr/jobs/companies/next-job-abroad/french-speaking-customer-support-specialist-relocate-to-sunny-greece-paris-115756","semantic_filter","missing_entry_level_signal","Não foi encontrado um sinal entry-level explícito no título, na senioridade ou na descrição."
"Arbeitnow","Product Manager Grower Experience (m/w/d)","Bridgemaker GmbH","Hybrid","https://www.arbeitnow.fr/jobs/companies/bridgemaker-gmbh/product-manager-grower-experience-hybrid-415526","semantic_filter","excluded_non_technical","O título identifica uma função não técnica: 'Product Manager'."
"Arbeitnow","Key Account Manager KRESS (m/w/d)","Positec Germany Gmbh","Hybrid","https://www.arbeitnow.fr/jobs/companies/positec-germany-gmbh/key-account-manager-kress-hybrid-183067","semantic_filter","excluded_non_technical","O título identifica uma função não técnica: 'Account Manager'."
"Arbeitnow","Data Center Facilities Operations Technician (all genders)","Contabo","Lauterbourg","https://www.arbeitnow.fr/jobs/companies/contabo/data-center-facilities-operations-technician-all-genders-lauterbourg-202218","semantic_filter","missing_entry_level_signal","Não foi encontrado um sinal entry-level explícito no título, na senioridade ou na descrição."
"Arbeitnow","Stage - Sales Development Representative (x/f/m) - janvier 2027","Doctolib","Paris, Paris","https://www.arbeitnow.fr/jobs/companies/doctolib/stage-sales-development-representative-janvier-2027-paris-paris-357196","semantic_filter","excluded_non_technical","O título identifica uma função não técnica: 'Sales'."
"Arbeitnow","Senior ML Ops (x/f/m)","Doctolib","Paris, Paris","https://www.arbeitnow.fr/jobs/companies/doctolib/senior-ml-ops-paris-paris-210571","semantic_filter","excluded_seniority","O título contém um nível claramente sénior: 'Senior'."
"Arbeitnow","Key Account Manager Senior / Lead - Laboratoires (x/f/m)","Doctolib","Paris, Paris","https://www.arbeitnow.fr/jobs/companies/doctolib/key-account-manager-senior-lead-laboratoires-paris-paris-323405","semantic_filter","excluded_seniority","O título contém um nível claramente sénior: 'Senior'."
"Arbeitnow","Key Account Manager Lead - Imagerie Médicale (x/f/m)","Doctolib","Paris, Paris","https://www.arbeitnow.fr/jobs/companies/doctolib/key-account-manager-lead-imagerie-medicale-paris-paris-396830","semantic_filter","excluded_seniority","O título contém um nível claramente sénior: 'Lead'."
"Arbeitnow","Tracking Specialist Intern","Backmarket","Paris","https://www.arbeitnow.fr/jobs/companies/backmarket/tracking-specialist-intern-paris-112649","semantic_filter","unsupported_domain","O título e as tags não identificam um domínio técnico suportado."
"Arbeitnow","Senior Data Scientist ( Economist) - Supply","Backmarket","Paris","https://www.arbeitnow.fr/jobs/companies/backmarket/senior-data-scientist-economist-supply-paris-34186","semantic_filter","excluded_seniority","O título contém um nível claramente sénior: 'Senior'."
"Arbeitnow","Senior Full Stack Engineer | AI & Security","Escape","Paris Office","https://www.arbeitnow.fr/jobs/companies/escape/senior-full-stack-engineer-ai-security-paris-308967","semantic_filter","excluded_seniority","O título contém um nível claramente sénior: 'Senior'."
"Arbeitnow","Sales Account Executive - Cybersecurity","Crowdsec","Remote job","https://www.arbeitnow.fr/jobs/companies/crowdsec/remote-sales-account-executive-cybersecurity-montrouge-362742","semantic_filter","excluded_non_technical","O título identifica uma função não técnica: 'Account Executive'."
"Arbeitnow","Talent Acquisition Officer (H/F/X) - Lyon - Candidats internes","Hi","Lyon, France","https://www.arbeitnow.fr/jobs/companies/hi/talent-acquisition-officer-lyon-candidats-internes-274222","semantic_filter","excluded_non_technical","O título identifica uma função não técnica: 'Talent Acquisition'."
"Arbeitnow","Senior Product Manager - Client Communication","Qonto","Paris","https://www.arbeitnow.fr/jobs/companies/qonto/senior-product-manager-client-communication-paris-264337","semantic_filter","excluded_seniority","O título contém um nível claramente sénior: 'Senior'."
"Arbeitnow","Customer Support Specialist","Owkin","Paris","https://www.arbeitnow.fr/jobs/companies/owkin/customer-support-specialist-paris-75958","semantic_filter","missing_entry_level_signal","Não foi encontrado um sinal entry-level explícito no título, na senioridade ou na descrição."
"Arbeitnow","Enterprise Sales Executive","Illumio","France","https://www.arbeitnow.fr/jobs/companies/illumio/enterprise-sales-executive-paris-234636","semantic_filter","excluded_non_technical","O título identifica uma função não técnica: 'Sales'."
"Arbeitnow","English Language Instructor","TransPerfect","Paris, Île-de-France, France","https://www.arbeitnow.fr/jobs/companies/transperfect/english-language-instructor-paris-297165","semantic_filter","missing_entry_level_signal","Não foi encontrado um sinal entry-level explícito no título, na senioridade ou na descrição."
"Arbeitnow","Account Manager","TransPerfect","Paris, Île-de-France, France","https://www.arbeitnow.fr/jobs/companies/transperfect/account-manager-paris-245272","semantic_filter","excluded_non_technical","O título identifica uma função não técnica: 'Account Manager'."
"Arbeitnow","Account Manager","TransPerfect","Paris, Île-de-France, France","https://www.arbeitnow.fr/jobs/companies/transperfect/account-manager-paris-87122","semantic_filter","excluded_non_technical","O título identifica uma função não técnica: 'Account Manager'."
"Arbeitnow","Account Manager","TransPerfect","Paris, Île-de-France, France","https://www.arbeitnow.fr/jobs/companies/transperfect/account-manager-paris-14246","semantic_filter","excluded_non_technical","O título identifica uma função não técnica: 'Account Manager'."
"Arbeitnow","Japanese Language Trainer","TransPerfect","Paris, Île-de-France, France","https://www.arbeitnow.fr/jobs/companies/transperfect/japanese-language-trainer-paris-301781","semantic_filter","missing_entry_level_signal","Não foi encontrado um sinal entry-level explícito no título, na senioridade ou na descrição."
"Arbeitnow","Gestionnaire financier et budgétaire, en charge des recettes","ECOLE NATIONALE SUPERIEURE DE TECHNIQUES AVANCEES","Palaiseau, Île-de-France, France","https://www.arbeitnow.fr/jobs/companies/ecole-nationale-superieure-de-techniques-avancees/gestionnaire-financier-et-budgetaire-en-charge-des-recettes-palaiseau-433117","semantic_filter","missing_entry_level_signal","Não foi encontrado um sinal entry-level explícito no título, na senioridade ou na descrição."
"Arbeitnow","Stage - Assistant(e) Chef de Projet Marketing Retail (H/F)","Sezane 3","Paris, France","https://www.arbeitnow.fr/jobs/companies/sezane-3/stage-assistante-chef-de-projet-marketing-retail-h-f-paris-189329","semantic_filter","excluded_non_technical","O título identifica uma função não técnica: 'Marketing'."
"Arbeitnow","Conseiller de Vente (H/F) - 35H CDD - Aix-en-Provence","Sezane 3","Aix-en-Provence, France","https://www.arbeitnow.fr/jobs/companies/sezane-3/conseiller-de-vente-h-f-35h-cdd-aix-en-provence-427155","semantic_filter","missing_entry_level_signal","Não foi encontrado um sinal entry-level explícito no título, na senioridade ou na descrição."
"RemoteOK","Junior Crypto Analyst & Trader","Empire Assets","100% Remote","https://remoteOK.com/remote-jobs/remote-junior-crypto-analyst-trader-empire-assets-1137460","semantic_filter","unsupported_domain","O título e as tags não identificam um domínio técnico suportado."
"RemoteOK","Enterprise Sales Development Representative","Toptal","100% Remote","https://remoteOK.com/remote-jobs/remote-enterprise-sales-development-representative-toptal-1137451","semantic_filter","excluded_non_technical","O título identifica uma função não técnica: 'Sales'."
"RemoteOK","Client Advisor","Toptal","100% Remote","https://remoteOK.com/remote-jobs/remote-client-advisor-toptal-1137439","semantic_filter","missing_entry_level_signal","Não foi encontrado um sinal entry-level explícito no título, na senioridade ou na descrição."
"RemoteOK","Director Payment Integrity","SIHO Insurance Services ","SIHO - Columbus, IN","https://remoteOK.com/remote-jobs/remote-director-payment-integrity-siho-insurance-services-1137434","semantic_filter","outside_recency_window","A vaga foi publicada em 2026-09-26, fora da janela dos últimos 7 dias."
"RemoteOK","Danish Speaking Solutions Consultant Work Sofia Bulgaria","Mercier Consultancy Group","100% Remote","https://remoteOK.com/remote-jobs/remote-danish-speaking-solutions-consultant-work-sofia-bulgaria-mercier-consultancy-group-1137431","semantic_filter","outside_recency_window","A vaga foi publicada em 2026-09-24, fora da janela dos últimos 7 dias."
"RemoteOK","MecÃ¡nico Automotriz DiagnÃ³stico y Presupuestos","Workana","100% Remote","https://remoteOK.com/remote-jobs/remote-mecanico-automotriz-diagnostico-y-presupuestos-workana-1137429","semantic_filter","outside_recency_window","A vaga foi publicada em 2026-09-24, fora da janela dos últimos 7 dias."
"RemoteOK","Video Data Annotator","iMerit Technology","100% Remote","https://remoteOK.com/remote-jobs/remote-video-data-annotator-imerit-technology-1137428","semantic_filter","outside_recency_window","A vaga foi publicada em 2026-09-23, fora da janela dos últimos 7 dias."
"RemoteOK","Software Engineer","Prenosis","100% Remote","https://remoteOK.com/remote-jobs/remote-software-engineer-prenosis-1137427","semantic_filter","outside_recency_window","A vaga foi publicada em 2026-09-23, fora da janela dos últimos 7 dias."
"RemoteOK","Technical Product Manager AI Stockbroking App","Bjak ","Germany","https://remoteOK.com/remote-jobs/remote-technical-product-manager-ai-stockbroking-app-bjak-1137421","semantic_filter","outside_recency_window","A vaga foi publicada em 2026-09-23, fora da janela dos últimos 7 dias."
"RemoteOK","Frontend Engineer","Bjak ","Singapore","https://remoteOK.com/remote-jobs/remote-frontend-engineer-bjak-1137420","semantic_filter","outside_recency_window","A vaga foi publicada em 2026-09-23, fora da janela dos últimos 7 dias."
"RemoteOK","Junior Digital Assets Operations Analyst","Omega Enterprises","100% Remote","https://remoteOK.com/remote-jobs/remote-junior-digital-assets-operations-analyst-omega-enterprises-1137418","semantic_filter","outside_recency_window","A vaga foi publicada em 2026-09-22, fora da janela dos últimos 7 dias."
"RemoteOK","Software Developer Security Analytics","RedMimicry","100% Remote","https://remoteOK.com/remote-jobs/remote-software-developer-security-analytics-redmimicry-1137417","semantic_filter","outside_recency_window","A vaga foi publicada em 2026-09-22, fora da janela dos últimos 7 dias."
"RemoteOK","Freelance grabaciÃ³n de tareas cotidianas para proyecto de IA","Mindrift - Data annotation","100% Remote","https://remoteOK.com/remote-jobs/remote-freelance-grabacion-de-tareas-cotidianas-para-proyecto-de-ia-mindrift-data-annotation-1137415","semantic_filter","outside_recency_window","A vaga foi publicada em 2026-09-22, fora da janela dos últimos 7 dias."
"RemoteOK","Senior Growth Product Manager AI Native","Magic Eden","Melbourne","https://remoteOK.com/remote-jobs/remote-senior-growth-product-manager-ai-native-magic-eden-1137414","semantic_filter","outside_recency_window","A vaga foi publicada em 2026-09-22, fora da janela dos últimos 7 dias."
"RemoteOK","People Operations Coordinator","Ashby","100% Remote","https://remoteOK.com/remote-jobs/remote-people-operations-coordinator-ashby-1137412","semantic_filter","outside_recency_window","A vaga foi publicada em 2026-09-21, fora da janela dos últimos 7 dias."
"RemoteOK","Senior .NET Software Engineer","OkWhen","100% Remote","https://remoteOK.com/remote-jobs/remote-senior-net-software-engineer-okwhen-1137411","semantic_filter","outside_recency_window","A vaga foi publicada em 2026-09-20, fora da janela dos últimos 7 dias."
"RemoteOK","Frontend Engineer","Bjak ","Ireland","https://remoteOK.com/remote-jobs/remote-frontend-engineer-bjak-1137410","semantic_filter","outside_recency_window","A vaga foi publicada em 2026-09-20, fora da janela dos últimos 7 dias."
"RemoteOK","Software Deployment Engineer","KPI Solutions","Cincinnati","https://remoteOK.com/remote-jobs/remote-software-deployment-engineer-kpi-solutions-1137408","semantic_filter","outside_recency_window","A vaga foi publicada em 2026-09-19, fora da janela dos últimos 7 dias."
"RemoteOK","VP Pricing & Packaging","Delinea","Redwood City","https://remoteOK.com/remote-jobs/remote-vp-pricing-packaging-delinea-1137407","semantic_filter","outside_recency_window","A vaga foi publicada em 2026-09-19, fora da janela dos últimos 7 dias."
"RemoteOK","Customer Success Manager Mexico","JumpCloud","Mexico City, Mexico - Remote","https://remoteOK.com/remote-jobs/remote-customer-success-manager-mexico-jumpcloud-1137406","semantic_filter","outside_recency_window","A vaga foi publicada em 2026-09-19, fora da janela dos últimos 7 dias."
"RemoteOK","Senior Shopify Developer","Sanctuary Computer","100% Remote","https://remoteOK.com/remote-jobs/remote-senior-shopify-developer-sanctuary-computer-1137405","semantic_filter","outside_recency_window","A vaga foi publicada em 2026-09-18, fora da janela dos últimos 7 dias."
"RemoteOK","Golang Kubernetes Engineer","Arango","100% Remote","https://remoteOK.com/remote-jobs/remote-golang-kubernetes-engineer-arango-1137400","semantic_filter","outside_recency_window","A vaga foi publicada em 2026-09-16, fora da janela dos últimos 7 dias."
"RemoteOK","AI agent engineer","Sticker Mule","100% Remote","https://remoteOK.com/remote-jobs/remote-ai-agent-engineer-sticker-mule-1137399","semantic_filter","outside_recency_window","A vaga foi publicada em 2026-09-16, fora da janela dos últimos 7 dias."
"RemoteOK","AI Trainer Image QA Evaluator","iMerit Technology","100% Remote","https://remoteOK.com/remote-jobs/remote-ai-trainer-image-qa-evaluator-imerit-technology-1137398","semantic_filter","outside_recency_window","A vaga foi publicada em 2026-09-16, fora da janela dos últimos 7 dias."
"RemoteOK","Principal Product Manager","DomainTools","100% Remote","https://remoteOK.com/remote-jobs/remote-principal-product-manager-domaintools-1137396","semantic_filter","outside_recency_window","A vaga foi publicada em 2026-09-16, fora da janela dos últimos 7 dias."
"RemoteOK","Sr Solutions Architect","ExtraHop","Remote","https://remoteOK.com/remote-jobs/remote-sr-solutions-architect-extrahop-1137394","semantic_filter","outside_recency_window","A vaga foi publicada em 2026-09-15, fora da janela dos últimos 7 dias."
"RemoteOK","Junior Payroll Assistant","Sleek","100% Remote","https://remoteOK.com/remote-jobs/remote-junior-payroll-assistant-sleek-1137391","semantic_filter","outside_recency_window","A vaga foi publicada em 2026-09-14, fora da janela dos últimos 7 dias."
"RemoteOK","Technical Product Lead AI Finance App","Bjak ","Seoul","https://remoteOK.com/remote-jobs/remote-technical-product-lead-ai-finance-app-bjak-1137388","semantic_filter","outside_recency_window","A vaga foi publicada em 2026-09-12, fora da janela dos últimos 7 dias."
"RemoteOK","Software Engineer","Mirantis","100% Remote","https://remoteOK.com/remote-jobs/remote-software-engineer-mirantis-1137387","semantic_filter","outside_recency_window","A vaga foi publicada em 2026-09-12, fora da janela dos últimos 7 dias."
"RemoteOK","HR Operations Specialist","Law Offices of Sabrina Li","100% Remote","https://remoteOK.com/remote-jobs/remote-hr-operations-specialist-law-offices-of-sabrina-li-1137386","semantic_filter","outside_recency_window","A vaga foi publicada em 2026-09-12, fora da janela dos últimos 7 dias."
"RemoteOK","Marketing Student Assistant","Copenhagen Optimization","100% Remote","https://remoteOK.com/remote-jobs/remote-marketing-student-assistant-copenhagen-optimization-1137381","semantic_filter","outside_recency_window","A vaga foi publicada em 2026-09-11, fora da janela dos últimos 7 dias."
"RemoteOK","Senior Communications Officer Strategic Communications","GiveWell","United States","https://remoteOK.com/remote-jobs/remote-senior-communications-officer-strategic-communications-givewell-1137379","semantic_filter","outside_recency_window","A vaga foi publicada em 2026-09-11, fora da janela dos últimos 7 dias."
"RemoteOK","Senior People & Talent Operations Partner","TestGorilla","100% Remote","https://remoteOK.com/remote-jobs/remote-senior-people-talent-operations-partner-testgorilla-1137378","semantic_filter","outside_recency_window","A vaga foi publicada em 2026-09-10, fora da janela dos últimos 7 dias."
"RemoteOK","External Data Specialist","eClinical Solutions","Remote","https://remoteOK.com/remote-jobs/remote-external-data-specialist-eclinical-solutions-1137375","semantic_filter","outside_recency_window","A vaga foi publicada em 2026-09-10, fora da janela dos últimos 7 dias."
"RemoteOK","Business Development Manager","Libertex Group","ÙØ³ÙØ·, ÙØ³ÙØ· ÙØ³ÙØ· Ø¹ÙØ§Ù","https://remoteOK.com/remote-jobs/remote-business-development-manager-libertex-group-1137373","semantic_filter","outside_recency_window","A vaga foi publicada em 2026-09-08, fora da janela dos últimos 7 dias."
"RemoteOK","Quality Dispense Technician North","Thatchers Cider","Greater Newcastle Area, ","https://remoteOK.com/remote-jobs/remote-quality-dispense-technician-north-thatchers-cider-1137374","semantic_filter","outside_recency_window","A vaga foi publicada em 2026-09-08, fora da janela dos últimos 7 dias."
"RemoteOK","AI Response Analyst","iMerit Technology","100% Remote","https://remoteOK.com/remote-jobs/remote-ai-response-analyst-imerit-technology-1137309","semantic_filter","outside_recency_window","A vaga foi publicada em 2026-09-06, fora da janela dos últimos 7 dias."
"RemoteOK","AI Engineer Data APIs","Benzinga","100% Remote","https://remoteOK.com/remote-jobs/remote-ai-engineer-data-apis-benzinga-1137224","semantic_filter","outside_recency_window","A vaga foi publicada em 2026-08-30, fora da janela dos últimos 7 dias."
"RemoteOK","Principal Engineer","The AI Whistleblower Initiative","100% Remote","https://remoteOK.com/remote-jobs/remote-principal-engineer-the-ai-whistleblower-initiative-1137162","semantic_filter","outside_recency_window","A vaga foi publicada em 2026-08-27, fora da janela dos últimos 7 dias."
"RemoteOK","Senior Level Designer","Blackbird Interactive","Vancouver, BC, Canada","https://remoteOK.com/remote-jobs/remote-senior-level-designer-blackbird-interactive-1137156","semantic_filter","outside_recency_window","A vaga foi publicada em 2026-08-27, fora da janela dos últimos 7 dias."
"RemoteOK","Oracle Fusion Cloud Lead â Logistics & Supply Chain Management","Tessera Labs","100% Remote","https://remoteOK.com/remote-jobs/remote-oracle-fusion-cloud-lead-logistics-supply-chain-management-tessera-labs-1137155","semantic_filter","outside_recency_window","A vaga foi publicada em 2026-08-27, fora da janela dos últimos 7 dias."
"RemoteOK","Renewables Project Scheduler","Transportation Partners &amp; Logistics","Black Bess, ","https://remoteOK.com/remote-jobs/remote-renewables-project-scheduler-transportation-partners-amp-logistics-1137194","semantic_filter","outside_recency_window","A vaga foi publicada em 2026-08-25, fora da janela dos últimos 7 dias."
"RemoteOK","Senior Backend Engineer Build AI Agents","Salesforge","100% Remote","https://remoteOK.com/remote-jobs/remote-senior-backend-engineer-build-ai-agents-salesforge-1137114","semantic_filter","outside_recency_window","A vaga foi publicada em 2026-08-25, fora da janela dos últimos 7 dias."
"RemoteOK","Senior Specialist Global QMS","Orca Bio","100% Remote","https://remoteOK.com/remote-jobs/remote-senior-specialist-global-qms-orca-bio-1137072","semantic_filter","outside_recency_window","A vaga foi publicada em 2026-08-22, fora da janela dos últimos 7 dias."
"RemoteOK","DESARROLLADOR FULL STACK","Kruger NearShore LLC - Rekluti","100% Remote","https://remoteOK.com/remote-jobs/remote-desarrollador-full-stack-kruger-nearshore-llc-rekluti-1137062","semantic_filter","outside_recency_window","A vaga foi publicada em 2026-08-22, fora da janela dos últimos 7 dias."
"RemoteOK","Consultant Implementation Engineer","Harbor","Remote","https://remoteOK.com/remote-jobs/remote-consultant-implementation-engineer-harbor-1136987","semantic_filter","outside_recency_window","A vaga foi publicada em 2026-08-20, fora da janela dos últimos 7 dias."
"RemoteOK","Marketing Operations Specialist","Engine","Remote - US","https://remoteOK.com/remote-jobs/remote-marketing-operations-specialist-engine-1136950","semantic_filter","outside_recency_window","A vaga foi publicada em 2026-08-18, fora da janela dos últimos 7 dias."
"RemoteOK","Team Lead Education","Chaos","100% Remote","https://remoteOK.com/remote-jobs/remote-team-lead-education-chaos-1136949","semantic_filter","outside_recency_window","A vaga foi publicada em 2026-08-18, fora da janela dos últimos 7 dias."
"RemoteOK","Digital Workplace & Automation Specialist","Dreem Health","United States","https://remoteOK.com/remote-jobs/remote-digital-workplace-automation-specialist-dreem-health-1136948","semantic_filter","outside_recency_window","A vaga foi publicada em 2026-08-18, fora da janela dos últimos 7 dias."
"RemoteOK","Solutions Delivery Manager","Benchling","Boston","https://remoteOK.com/remote-jobs/remote-solutions-delivery-manager-benchling-1136937","semantic_filter","outside_recency_window","A vaga foi publicada em 2026-08-18, fora da janela dos últimos 7 dias."
"RemoteOK","Hotline Paralegal","Legal Services NYC","LSNYC Central Office","https://remoteOK.com/remote-jobs/remote-hotline-paralegal-legal-services-nyc-1136861","semantic_filter","outside_recency_window","A vaga foi publicada em 2026-08-17, fora da janela dos últimos 7 dias."
"RemoteOK","Senior Contracts and Budget Associate","Precision Medicine Group","South Korea","https://remoteOK.com/remote-jobs/remote-senior-contracts-and-budget-associate-precision-medicine-group-1136844","semantic_filter","outside_recency_window","A vaga foi publicada em 2026-08-17, fora da janela dos últimos 7 dias."
"RemoteOK","Lead Product Designer","HighLevel","India","https://remoteOK.com/remote-jobs/remote-lead-product-designer-highlevel-1136841","semantic_filter","outside_recency_window","A vaga foi publicada em 2026-08-17, fora da janela dos últimos 7 dias."
"RemoteOK","Member of Technical Staff Engineering","Physical Superintelligence","Boston","https://remoteOK.com/remote-jobs/remote-member-of-technical-staff-engineering-physical-superintelligence-1136798","semantic_filter","outside_recency_window","A vaga foi publicada em 2026-08-16, fora da janela dos últimos 7 dias."
"RemoteOK","Strategic Account Executive Lodging","FreedomPay","Select USA Remote Locations","https://remoteOK.com/remote-jobs/remote-strategic-account-executive-lodging-freedompay-1136797","semantic_filter","outside_recency_window","A vaga foi publicada em 2026-08-16, fora da janela dos últimos 7 dias."
"RemoteOK","Staff Software Development Engineer SDM","Delinea","Redwood City","https://remoteOK.com/remote-jobs/remote-staff-software-development-engineer-sdm-delinea-1136796","semantic_filter","outside_recency_window","A vaga foi publicada em 2026-08-16, fora da janela dos últimos 7 dias."
"RemoteOK","Senior Software Engineer Case Execution","Pivotal Health","New York City","https://remoteOK.com/remote-jobs/remote-senior-software-engineer-case-execution-pivotal-health-1136795","semantic_filter","outside_recency_window","A vaga foi publicada em 2026-08-16, fora da janela dos últimos 7 dias."
"RemoteOK","QA Tester Entry Level","Ace IT Careers","Remote","https://remoteOK.com/remote-jobs/remote-qa-tester-entry-level-ace-it-careers-1136701","semantic_filter","outside_recency_window","A vaga foi publicada em 2026-08-15, fora da janela dos últimos 7 dias."
"RemoteOK","Brand Protection & Marketplace Compliance Analyst","MultiplyMii","100% Remote","https://remoteOK.com/remote-jobs/remote-brand-protection-marketplace-compliance-analyst-multiplymii-1136687","semantic_filter","outside_recency_window","A vaga foi publicada em 2026-08-14, fora da janela dos últimos 7 dias."
"RemoteOK","Gardener Handyman Driver","NT Health","Alice Springs, ","https://remoteOK.com/remote-jobs/remote-gardener-handyman-driver-nt-health-1136625","semantic_filter","outside_recency_window","A vaga foi publicada em 2026-08-13, fora da janela dos últimos 7 dias."
"RemoteOK","Real Time Drilling Ops Centre Analyst","SLB","Dehradun, ","https://remoteOK.com/remote-jobs/remote-real-time-drilling-ops-centre-analyst-slb-1136857","semantic_filter","outside_recency_window","A vaga foi publicada em 2026-08-12, fora da janela dos últimos 7 dias."
"RemoteOK","Engineer Estimator","Crystalia Glass LLC","Bishkek, Bishkek, Bishkek City, Kyrgyzstan","https://remoteOK.com/remote-jobs/remote-engineer-estimator-crystalia-glass-llc-1136878","semantic_filter","outside_recency_window","A vaga foi publicada em 2026-08-12, fora da janela dos últimos 7 dias."
"RemoteOK","Software Engineer III Mobile","Stone","Remoto","https://remoteOK.com/remote-jobs/remote-software-engineer-iii-mobile-stone-1136570","semantic_filter","outside_recency_window","A vaga foi publicada em 2026-08-12, fora da janela dos últimos 7 dias."
"RemoteOK","Software Engineer II Golang","Stone","Remoto","https://remoteOK.com/remote-jobs/remote-software-engineer-ii-golang-stone-1136569","semantic_filter","outside_recency_window","A vaga foi publicada em 2026-08-12, fora da janela dos últimos 7 dias."
"RemoteOK","P2P BD Assistant","Bybit","LATAM","https://remoteOK.com/remote-jobs/remote-p2p-bd-assistant-bybit-1136568","semantic_filter","outside_recency_window","A vaga foi publicada em 2026-08-12, fora da janela dos últimos 7 dias."
"RemoteOK","Surveyor I","American Bureau of Shipping (ABS)","Port of Spain, ","https://remoteOK.com/remote-jobs/remote-surveyor-i-american-bureau-of-shipping-abs-1136592","semantic_filter","outside_recency_window","A vaga foi publicada em 2026-08-12, fora da janela dos últimos 7 dias."
"RemoteOK","Customer Service Representative","Adaptive Teams","100% Remote","https://remoteOK.com/remote-jobs/remote-customer-service-representative-adaptive-teams-1136566","semantic_filter","outside_recency_window","A vaga foi publicada em 2026-08-12, fora da janela dos últimos 7 dias."
"RemoteOK","Staff Software Engineer","Evolve","Remote - US","https://remoteOK.com/remote-jobs/remote-staff-software-engineer-evolve-1136447","semantic_filter","outside_recency_window","A vaga foi publicada em 2026-08-12, fora da janela dos últimos 7 dias."
"RemoteOK","Sales Development Representative Attributeâ","DoiT","Remote UK","https://remoteOK.com/remote-jobs/","semantic_filter","outside_recency_window","A vaga foi publicada em 2026-08-11, fora da janela dos últimos 7 dias."
"RemoteOK","Java Developer","Clera","Los Angeles","https://remoteOK.com/remote-jobs/remote-java-developer-clera-1136188","semantic_filter","outside_recency_window","A vaga foi publicada em 2026-08-05, fora da janela dos últimos 7 dias."
"RemoteOK","Future Shaprs","Shapr3D","Budapest, ","https://remoteOK.com/remote-jobs/remote-future-shaprs-shapr3d-1136770","semantic_filter","outside_recency_window","A vaga foi publicada em 2026-08-05, fora da janela dos últimos 7 dias."
"RemoteOK","Architectural Designer","Sophie's Flats Inc.","Toronto, ","https://remoteOK.com/remote-jobs/remote-architectural-designer-sophies-flats-inc-1136192","semantic_filter","outside_recency_window","A vaga foi publicada em 2026-08-05, fora da janela dos últimos 7 dias."
"RemoteOK","Freelance Designer","Control Shift Video","Texas, ","https://remoteOK.com/remote-jobs/remote-freelance-designer-control-shift-video-1136213","semantic_filter","outside_recency_window","A vaga foi publicada em 2026-08-05, fora da janela dos últimos 7 dias."
"RemoteOK","Head of Security","Tremendous","New York, New York, New York, United States","https://remoteOK.com/remote-jobs/remote-head-of-security-tremendous-1136210","semantic_filter","outside_recency_window","A vaga foi publicada em 2026-08-05, fora da janela dos últimos 7 dias."
"RemoteOK","Operations Engineer II","AWeber","Uluberia-II, ","https://remoteOK.com/remote-jobs/remote-operations-engineer-ii-aweber-1136778","semantic_filter","outside_recency_window","A vaga foi publicada em 2026-08-04, fora da janela dos últimos 7 dias."
"RemoteOK","Marketing Specialist","INNERGY","Austin, Austin, Texas, United States","https://remoteOK.com/remote-jobs/remote-marketing-specialist-innergy-1136094","semantic_filter","outside_recency_window","A vaga foi publicada em 2026-08-04, fora da janela dos últimos 7 dias."
"RemoteOK","Data Analyst","SEAhub Asia","Kuala Lumpur, Kuala Lumpur, Wilayah Persekutuan Kuala Lumpur, Malaysia","https://remoteOK.com/remote-jobs/remote-data-analyst-seahub-asia-1136222","semantic_filter","outside_recency_window","A vaga foi publicada em 2026-08-04, fora da janela dos últimos 7 dias."
"RemoteOK","Clinical Coordination Manager","Enable Dental","Austin, Austin, Texas, United States","https://remoteOK.com/remote-jobs/remote-clinical-coordination-manager-enable-dental-1136096","semantic_filter","outside_recency_window","A vaga foi publicada em 2026-08-04, fora da janela dos últimos 7 dias."
"RemoteOK","Data Analyst Assistant","Arabian Private Holdings","Ø¯Ø¨Ù, Ø¯Ø¨Ù Ø¯Ø¨Ù Ø§ÙØ¥ÙØ§Ø±Ø§Øª Ø§ÙØ¹Ø±Ø¨ÙØ© Ø§ÙÙØªØ­Ø¯Ø©","https://remoteOK.com/remote-jobs/remote-data-analyst-assistant-arabian-private-holdings-1136217","semantic_filter","outside_recency_window","A vaga foi publicada em 2026-08-04, fora da janela dos últimos 7 dias."
"RemoteOK","Business Development","GROW10X","Islamabad, Islamabad, IslÄmÄbÄd, Pakistan","https://remoteOK.com/remote-jobs/remote-business-development-grow10x-1136221","semantic_filter","outside_recency_window","A vaga foi publicada em 2026-08-04, fora da janela dos últimos 7 dias."
"RemoteOK","Market Research","GROW10X","Chennai, Chennai, Tamil Nadu, India","https://remoteOK.com/remote-jobs/remote-market-research-grow10x-1136216","semantic_filter","outside_recency_window","A vaga foi publicada em 2026-08-04, fora da janela dos últimos 7 dias."
"RemoteOK","Online Bidder","Webnotics Pvt Ltd","Agra, ","https://remoteOK.com/remote-jobs/remote-online-bidder-webnotics-pvt-ltd-1137209","semantic_filter","outside_recency_window","A vaga foi publicada em 2026-08-04, fora da janela dos últimos 7 dias."
"RemoteOK","Regional Sales Manager","Balco, Inc.","Wichita, ","https://remoteOK.com/remote-jobs/remote-regional-sales-manager-balco-inc-1136097","semantic_filter","outside_recency_window","A vaga foi publicada em 2026-08-04, fora da janela dos últimos 7 dias."
"RemoteOK","Student Success Coach","FindTutors","London, London, England, United Kingdom","https://remoteOK.com/remote-jobs/remote-student-success-coach-findtutors-1136086","semantic_filter","outside_recency_window","A vaga foi publicada em 2026-08-03, fora da janela dos últimos 7 dias."
"RemoteOK","Regional Flight Operations Support Manager","Wing","Dallas, Dallas, Texas, United States","https://remoteOK.com/remote-jobs/remote-regional-flight-operations-support-manager-wing-1136054","semantic_filter","outside_recency_window","A vaga foi publicada em 2026-08-03, fora da janela dos últimos 7 dias."
"RemoteOK","Functional Assessor","PFAS (Personal Functional Assessment Services)","Bury St Edmunds, ","https://remoteOK.com/remote-jobs/remote-functional-assessor-pfas-personal-functional-assessment-services-1136370","semantic_filter","outside_recency_window","A vaga foi publicada em 2026-08-03, fora da janela dos últimos 7 dias."
"RemoteOK","Data Entry Administrator","PulseMediaNL","Ø§ÙØ±ÙØ§Ø¶, Ø§ÙØ±ÙØ§Ø¶ Ø§ÙØ±ÙØ§Ø¶ Ø§ÙØ³Ø¹ÙØ¯ÙØ©","https://remoteOK.com/remote-jobs/remote-data-entry-administrator-pulsemedianl-1135903","semantic_filter","outside_recency_window","A vaga foi publicada em 2026-08-02, fora da janela dos últimos 7 dias."
"RemoteOK","Patient Outreach Specialist","Grapefruit Health","100% Remote","https://remoteOK.com/remote-jobs/remote-patient-outreach-specialist-grapefruit-health-1135789","semantic_filter","outside_recency_window","A vaga foi publicada em 2026-08-01, fora da janela dos últimos 7 dias."
"RemoteOK","Licensed Customer Service Representative","Liberty Mutual Insurance","100% Remote","https://remoteOK.com/remote-jobs/remote-licensed-customer-service-representative-liberty-mutual-insurance-1135788","semantic_filter","outside_recency_window","A vaga foi publicada em 2026-08-01, fora da janela dos últimos 7 dias."
"RemoteOK","Customer Support Specialist","Resource Guru","Greater London, ","https://remoteOK.com/remote-jobs/remote-customer-support-specialist-resource-guru-1136066","semantic_filter","outside_recency_window","A vaga foi publicada em 2026-08-01, fora da janela dos últimos 7 dias."
"RemoteOK","Managing Director","Berni and Mick Ireland","Sunshine Coast, Sunshine Coast, Queensland, Australia","https://remoteOK.com/remote-jobs/remote-managing-director-berni-and-mick-ireland-1135908","semantic_filter","outside_recency_window","A vaga foi publicada em 2026-08-01, fora da janela dos últimos 7 dias."
"RemoteOK","Freelance Creative Director","BMWL","California, California, United States","https://remoteOK.com/remote-jobs/remote-freelance-creative-director-bmwl-1135901","semantic_filter","outside_recency_window","A vaga foi publicada em 2026-07-31, fora da janela dos últimos 7 dias."
"RemoteOK","Human Resources Coordinator","Pacific Health Group","San Diego, San Diego, California, United States","https://remoteOK.com/remote-jobs/remote-human-resources-coordinator-pacific-health-group-1135783","semantic_filter","outside_recency_window","A vaga foi publicada em 2026-07-31, fora da janela dos últimos 7 dias."
"RemoteOK","Voice Over Artist","Bored Panda","Vilnius, Vilnius, Vilniaus, Lithuania","https://remoteOK.com/remote-jobs/remote-voice-over-artist-bored-panda-1135765","semantic_filter","outside_recency_window","A vaga foi publicada em 2026-07-31, fora da janela dos últimos 7 dias."
"RemoteOK","BMS Service Technician","Johnson Controls","Warana, ","https://remoteOK.com/remote-jobs/remote-bms-service-technician-johnson-controls-1135997","semantic_filter","outside_recency_window","A vaga foi publicada em 2026-07-31, fora da janela dos últimos 7 dias."
"RemoteOK","Regional General Manager Airports","WestJet","Mississauga, ","https://remoteOK.com/remote-jobs/remote-regional-general-manager-airports-westjet-1135745","semantic_filter","outside_recency_window","A vaga foi publicada em 2026-07-31, fora da janela dos últimos 7 dias."
"RemoteOK","Growth Strategist","Lyric","100% Remote","https://remoteOK.com/remote-jobs/remote-growth-strategist-lyric-1135681","semantic_filter","outside_recency_window","A vaga foi publicada em 2026-07-30, fora da janela dos últimos 7 dias."
"RemoteOK","Administrative Assistant","Viable Medical Solutions","Greater Orlando","https://remoteOK.com/remote-jobs/remote-administrative-assistant-viable-medical-solutions-1135697","semantic_filter","outside_recency_window","A vaga foi publicada em 2026-07-30, fora da janela dos últimos 7 dias."
"RemoteOK","Graphic Designer","Uchromatic","Time, ","https://remoteOK.com/remote-jobs/remote-graphic-designer-uchromatic-1135767","semantic_filter","outside_recency_window","A vaga foi publicada em 2026-07-30, fora da janela dos últimos 7 dias."
"Remotive","Freelance Copywriter","Coalition Technologies ","Worldwide","https://remotive.com/remote-jobs/writing/freelance-copywriter-1749306","semantic_filter","missing_entry_level_signal","Não foi encontrado um sinal entry-level explícito no título, na senioridade ou na descrição."
"Remotive","Senior React Full-stack Developer","Lemon.io","Europe, USA, Canada, APAC","https://remotive.com/remote-jobs/software-development/senior-react-full-stack-developer-2091133","semantic_filter","excluded_seniority","O título contém um nível claramente sénior: 'Senior'."
"Remotive","Senior back-end Engineer","Lemon.io","Europe, USA, UK, Canada, Australia, Ireland, Switzerland, Singapore, Mexico, Iceland, Norway","https://remotive.com/remote-jobs/software-development/senior-back-end-engineer-2091132","semantic_filter","excluded_seniority","O título contém um nível claramente sénior: 'Senior'."
"Remotive","Content Reviewer - United States","TELUS Digital","USA","https://remotive.com/remote-jobs/all-others/content-reviewer-united-states-2091144","semantic_filter","outside_recency_window","A vaga foi publicada em 2026-09-21, fora da janela dos últimos 7 dias."
"Remotive","Frontend Web Application Developer","KoboToolbox","USA, Canada, Argentina, Mexico, Peru","https://remotive.com/remote-jobs/design/frontend-web-application-developer-2091141","semantic_filter","outside_recency_window","A vaga foi publicada em 2026-09-18, fora da janela dos últimos 7 dias."
"Remotive","Senior Shopify Developer","Sanctuary Computer Inc","Worldwide","https://remotive.com/remote-jobs/software-development/senior-shopify-developer-2091140","semantic_filter","outside_recency_window","A vaga foi publicada em 2026-09-18, fora da janela dos últimos 7 dias."
"Remotive","🇩🇪 Kundenservice Mobilfunk Inbound - innerhalb der EU (ausgenommen: Deutschland)","hey contact heroes GmbH","Europe","https://remotive.com/remote-jobs/customer-service/kundenservice-mobilfunk-inbound-innerhalb-der-eu-ausgenommen-deutschland-2091139","semantic_filter","outside_recency_window","A vaga foi publicada em 2026-09-18, fora da janela dos últimos 7 dias."
"Remotive","Senior AI Engineer","Lemon.io","Northern America, LATAM, Europe, APAC","https://remotive.com/remote-jobs/artificial-intelligence/senior-ai-engineer-2091131","semantic_filter","outside_recency_window","A vaga foi publicada em 2026-09-18, fora da janela dos últimos 7 dias."
"Remotive","Senior .NET Full-stack Developer","Lemon.io","Northern America, LATAM, Europe, APAC","https://remotive.com/remote-jobs/software-development/senior-net-full-stack-developer-2091130","semantic_filter","outside_recency_window","A vaga foi publicada em 2026-09-17, fora da janela dos últimos 7 dias."
"Remotive","Senior Data Scientist","Lemon.io","Northern America, LATAM, Europe, APAC","https://remotive.com/remote-jobs/data/senior-data-scientist-2091129","semantic_filter","outside_recency_window","A vaga foi publicada em 2026-09-16, fora da janela dos últimos 7 dias."
"Remotive","Senior Independent Software Developer","A.Team","Americas, Europe, Israel","https://remotive.com/remote-jobs/software-development/senior-independent-software-developer-1919265","semantic_filter","outside_recency_window","A vaga foi publicada em 2026-09-16, fora da janela dos últimos 7 dias."
"Remotive","Senior Independent AI Engineer / Architect","A.Team","Americas, Europe, Israel","https://remotive.com/remote-jobs/software-development/senior-independent-ai-engineer-architect-1919266","semantic_filter","outside_recency_window","A vaga foi publicada em 2026-09-16, fora da janela dos últimos 7 dias."
"Remotive","Tech Lead Full-Stack Rails Engineer","Mitre Media","USA, Canada, USA timezones","https://remotive.com/remote-jobs/software-development/tech-lead-full-stack-rails-engineer-2069746","semantic_filter","outside_recency_window","A vaga foi publicada em 2026-09-14, fora da janela dos últimos 7 dias."
"Remotive","Remote Office Assistant","Coalition Technologies ","Worldwide","https://remotive.com/remote-jobs/marketing/remote-office-assistant-1680495","semantic_filter","outside_recency_window","A vaga foi publicada em 2026-09-11, fora da janela dos últimos 7 dias."
"Remotive","AI Response Evaluator","iMerit Technology","France, Japan, Turkey, Vietnam, Mexico, Norway","https://remotive.com/remote-jobs/artificial-intelligence/ai-response-evaluator-2091126","semantic_filter","outside_recency_window","A vaga foi publicada em 2026-09-11, fora da janela dos últimos 7 dias."
"Remotive","Inside Sales Contractor","Credit Wellness, LLC","Worldwide","https://remotive.com/remote-jobs/sales/inside-sales-contractor-2086540","semantic_filter","outside_recency_window","A vaga foi publicada em 2026-09-08, fora da janela dos últimos 7 dias."
"Remotive","Tier III Service Desk Engineer","Unio Digital","Worldwide","https://remotive.com/remote-jobs/information-technology/tier-iii-service-desk-engineer-2091045","semantic_filter","outside_recency_window","A vaga foi publicada em 2026-09-07, fora da janela dos últimos 7 dias."
"Remotive","Freelance Writer","IAPWE","Worldwide","https://remotive.com/remote-jobs/writing/freelance-writer-1185979","semantic_filter","outside_recency_window","A vaga foi publicada em 2026-09-04, fora da janela dos últimos 7 dias."
